,cycle,cpd08023,MEMLIP_c0,cpd00423,cpd00540,cpd15466,cpd00528,cpd00531,cpd00655,cpd01741,cpd00412,cpd00654,cpd00099,cpd00098,cpd00094,cpd04450,cpd11416,cpd00092,cpd11575,cpd11576,cpd11578,cpd15378,cpd00558,cpd00438,cpd00322,cpd00204,cpd03279,cpd03396,cpd01092,cpd00309,cpd00305,cpd00307,cpd01757,cpd00311,cpd00314,cpd00797,N2A24D5MH4U15P_c0,cpd00550,cpd00794,cpd00430,cpd01080,cpd11597,cpd11593,cpd11595,cpd11596,cpd11590,cpd11591,cpd11592,cpd03847,cpd03726,cpd03725,cpd00218,cpd00224,cpd00226,cpd00105,cpd00104,cpd00588,cpd00220,cpd00222,cpd00100,cpd00221,cpd04383,cpd11586,cpd11587,cpd11588,cpd11589,cpd11582,cpd15269,cpd11583,cpd11584,cpd11585,cpd00209,cpd11580,cpd11581,cpd00205,cpd00208,cpd03724,cpd00215,cpd00214,cpd03048,cpd00211,cpd00210,cpd11579,cpd01329,cpd00118,cpd00239,cpd00117,cpd00119,cpd00246,cpd00367,cpd00127,cpd00489,cpd00244,cpd00001,cpd00122,cpd03198,cpd15605,cpd15606,cpd15603,cpd15604,cpd08636,cpd00107,cpd00106,cpd00108,cpd00229,cpd00355,cpd00116,cpd02775,cpd02893,cpd00111,cpd08305,cpd09878,cpd08306,FLGN_e0,cpd00268,cpd00149,cpd00028,cpd00027,cpd00264,cpd00142,cpd00024,cpd00266,cpd00023,cpd00386,cpd00381,cpd00141,cpd00020,cpd00129,cpd00128,cpd00249,cpd00007,cpd00009,cpd00136,cpd00017,cpd00138,cpd00137,cpd00132,cpd00011,cpd00131,cpd00013,cpd00254,cpd00012,cpd00130,cpd00048,cpd01017,cpd00047,cpd00164,cpd01012,cpd00166,cpd00161,cpd10516,cpd00041,cpd00162,cpd00280,cpd10515,cpd01914,cpd00029,cpd00703,cpd00158,cpd00036,cpd01007,cpd00039,cpd00159,cpd03424,cpd00033,cpd00396,cpd00154,cpd03422,cpd00395,cpd00156,cpd00035,cpd00277,cpd01242,cpd00034,cpd00276,cpd00030,cpd00393,cpd15559,cpd00069,cpd01711,cpd00066,cpd00065,cpd00186,cpd03696,cpd03453,cpd00067,cpd01034,cpd01155,cpd00182,cpd00064,cpd00063,cpd00184,cpd01030,cpd00060,cpd00180,cpd15302,cpd17043,cpd17042,cpd17041,cpd00971,cpd00179,cpd00058,cpd00731,cpd01024,cpd00176,cpd00054,cpd02233,cpd01262,cpd00051,cpd04099,cpd00053,cpd04098,cpd04097,cpd15573,cpd15574,cpd00635,cpd00637,cpd02701,cpd00644,cpd00084,cpd00080,cpd01171,cpd00082,cpd11640,cpd15560,cpd15561,cpd00751,cpd00076,cpd00073,cpd00075
690,41,0,0,0,0,0,-0.004287786,0,0,0,0,0,-4.69e-07,0,0,0.0,0.000151,0.0,0,0,0,0.0,0,0.0,0.0,0,0,0,0,0,0,0,0,0,0,0,0,0,0,0,0.0,0,0,0,0,0,0,0,0,0,0,0.0,0,0.0,0,0,0,0.0,0,0,0,0.0,0,0,0,0,0,0,0,0,0,0,0,0,-4.69e-07,0,0,0,0.0,0,0,0,0,0,0.0,-3.37e-05,0,0.0,0,0.0,0,0,-4.69e-07,0.04114245,0,0,0,0,0,0,0,0.0,0.0,0,0.0,0,0.0,0,0,0,0,0,0,0,0,0.0,0.0,0.0,0.0,0,0,0,0.0,0,0,0,0.0,0.0,0.0,0,0,-0.000361,0,0.0,0.0,0,0.0,-0.00851412,-4.69e-07,0.0,0.0,0.000166,0,0.0,0,-1e-05,0,0,0,0.0,0.0,0.0,0,0,-9.38e-07,0,0.0,0,0,0,0.0,0.0,0,0,0.0,0,0,0,0,0.0,0.0,0,0,0.0,0.0,0.0,0,0,0.0,0,0.0,0.0,0,0,0,-0.088033439,0.0,0,0,0.0,0.0,0.0,0,0.0,0,0,0.000151,0.000151,0.000151,0,0,0.0,0,0.005087071,0,0.0,0,0,0.0,0,0.0,0,0,0,0,0,0,0.0,0.0,0.0,0,0,0.0,0,0,0,0,0,0,0
701,42,0,0,0,0,0,-0.009820697,0,0,0,0,0,-1.23e-06,0,0,0.0,0.000397,0.0,0,0,0,0.0,0,0.0,0.0,0,0,0,0,0,0,0,0,0,0,0,0,0,0,0,0.0,0,0,0,0,0,0,0,0,0,0,0.0,0,0.0,0,0,0,0.0,0,0,0,0.0,0,0,0,0,0,0,0,0,0,0,0,0,-1.23e-06,0,0,0,0.0,0,0,0,0,0,0.0,-8.83e-05,0,0.0,0,0.0,0,0,-1.23e-06,0.094871281,0,0,0,0,0,0,0,0.0,0.0,0,0.0,0,0.0,0,0,0,0,0,0,0,0,-1.23e-06,0.0,0.0,0.0,0,0,0,0.0,0,0,0,0.0,0.0,0.0,0,0,-0.001266244,0,0.0,0.0,0,0.0,-0.013071655,-1.23e-06,0.0,-1.23e-06,0.000596,0,0.0,0,-3.07e-05,0,0,0,0.0,-1.23e-06,0.0,0,0,-2.46e-06,0,0.0,0,0,0,0.0,0.0,0,0,0.0,0,0,0,0,0.0,-0.002372431,0,0,0.0,0.0,0.0,0,0,0.0,0,0.0,0.0,0,0,0,-0.181829437,0.0,0,0,0.0,-1.23e-06,0.0,0,0.0,0,0,0.000397,0.000397,0.000397,0,0,0.0,0,0.012327011,0,0.0,0,0,0.0,0,-0.000222,0,0,0,0,0,0,0.0,0.0,0.0,0,0,0.0,0,0,0,0,0,0,0
715,43,0,0,0,0,0,-0.015150205,0,0,0,0,0,-1.96e-06,0,0,0.0,0.000633,0.0,0,0,0,0.0,0,0.0,0.0,0,0,0,0,0,0,0,0,0,0,0,0,0,0,0,0.0,0,0,0,0,0,0,0,0,0,0,0.0,0,-7.5e-05,0,0,0,0.0,0,0,0,0.0,0,0,0,0,0,0,0,0,0,0,0,0,-1.96e-06,0,0,0,0.0,0,0,0,0,0,0.0,-0.000141,0,0.0,0,0.0,0,0,-1.96e-06,0.14743197,0,0,0,0,0,0,0,0.0,0.0,0,0.0,0,0.0,0,0,0,0,0,0,0,0,-1.96e-06,0.0,0.0,0.0,0,0,0,0.0,0,0,0,0.0,0.0,0.0,0,0,-0.002465976,0,0.0,0.0,0,0.0,-0.018003877,-1.96e-06,0.0,-1.96e-06,0.001174406,0,0.0,0,-1.14e-05,0,0,0,0.0,-1.96e-06,0.0,0,0,-3.92e-06,0,0.0,0,0,0,0.0,0.0,0,0,0.0,0,0,0,0,0.0,-0.004537346,0,0,0.0,0.0,0.0,0,0,0.0,0,0.0,0.0,0,0,0,-0.275408091,0.0,0,0,0.0,-1.96e-06,0.0,0,0.0,0,0,0.000633,0.000633,0.000633,0,0,0.0,0,0.019404233,0,0.0,0,0,0.0,0,-0.000354,0,0,0,0,0,0,0.0,0.0,0.0,0,0,0.0,0,0,0,0,0,0,0
729,44,0,0,0,0,0,-0.020438776,0,0,0,0,0,-2.68e-06,0,0,0.0,0.000866,0.0,0,0,0,0.0,0,0.0,0.0,0,0,0,0,0,0,0,0,0,0,0,0,0,0,0,0.0,0,0,0,0,0,0,0,0,0,0,0.0,0,-0.000166,0,0,0,0.0,0,0,0,0.0,0,0,0,0,0,0,0,0,0,0,0,0,-2.68e-06,0,0,0,0.0,0,0,0,0,0,0.0,-0.000193,0,0.0,0,0.0,0,0,-2.68e-06,0.199661971,0,0,0,0,0,0,0,0.0,0.0,0,0.0,0,0.0,0,0,0,0,0,0,0,0,-2.68e-06,0.0,0.0,0.0,0,0,0,0.0,0,0,0,0.0,0.0,0.0,0,0,-0.003614029,0,0.0,0.0,0,0.0,-0.023229272,-2.68e-06,0.0,-2.68e-06,0.0017269,0,0.0,0,-3.14e-05,0,0,0,0.0,-2.68e-06,0.0,0,0,-5.36e-06,0,0.0,0,0,0,0.0,0.0,0,0,0.0,0,0,0,0,0.0,-0.006509256,0,0,0.0,0.0,0.0,0,0,0.0,0,0.0,0.0,0,0,0,-0.369619241,0.0,0,0,0.0,-2.68e-06,0.0,0,0.0,0,0,0.000866,0.000866,0.000866,0,0,0.0,0,0.026392331,0,0.0,0,0,0.0,0,-0.000484,0,0,0,0,0,0,0.0,0.0,0.0,0,0,0.0,0,0,0,0,0,0,0
743,45,0,0,0,0,0,-0.025524194,0,0,0,0,0,-3.36e-06,0,0,0.0,0.001085764,0.0,0,0,0,0.0,0,0.0,0.0,0,0,0,0,0,0,0,0,0,0,0,0,0,0,0,0.0,0,0,0,0,0,0,0,0,0,0,0.0,0,-0.000209,0,0,0,0.0,0,0,0,0.0,0,0,0,0,0,0,0,0,0,0,0,0,-3.36e-06,0,0,0,0.0,0,0,0,0,0,0.0,-0.000242,0,0.0,0,0.0,0,0,-3.36e-06,0.249306709,0,0,0,0,0,0,0,0.0,0.0,0,0.0,0,0.0,0,0,0,0,0,0,0,0,-3.36e-06,0.0,0.0,0.0,0,0,0,0.0,0,0,0,0.0,0.0,0.0,0,0,-0.004729629,0,0.0,0.0,0,0.0,-0.028345794,-3.36e-06,0.0,-3.36e-06,0.002264355,0,0.0,0,-3.15e-05,0,0,0,0.0,-3.36e-06,0.0,0,0,-6.72e-06,0,0.0,0,0,0,0.0,0.0,0,0,0.0,0,0,0,0,0.0,-0.008372793,0,0,0.0,0.0,0.0,0,0,0.0,0,0.0,0.0,0,0,0,-0.459163533,0.0,0,0,0.0,-3.36e-06,0.0,0,0.0,0,0,0.001085764,0.001085764,0.001085764,0,0,0.0,0,0.032935634,0,0.0,0,0,0.0,0,-0.000607,0,0,0,0,0,0,0.0,0.0,0.0,0,0,0.0,0,0,0,0,0,0,0
757,46,0,0,0,0,0,-0.030353234,0,0,0,0,0,-4.01e-06,0,0,0.0,0.001294682,0.0,0,0,0,0.0,0,0.0,0.0,0,0,0,0,0,0,0,0,0,0,0,0,0,0,0,0.0,0,0,0,0,0,0,0,0,0,0,0.0,0,-0.000249,0,0,0,0.0,0,0,0,0.0,0,0,0,0,0,0,0,0,0,0,0,0,-4.01e-06,0,0,0,0.0,0,0,0,0,0,0.0,-0.000288,0,0.0,0,0.0,0,0,-4.01e-06,0.295131527,0,0,0,0,0,0,0,0.0,0.0,0,0.0,0,0.0,0,0,0,0,0,0,0,0,-4.01e-06,0.0,0.0,0.0,0,0,0,0.0,0,0,0,0.0,0.0,0.0,0,0,-0.002276304,0,0.0,0.0,0,0.0,-0.033408879,-4.01e-06,0.0,-4.01e-06,0.001018362,0,0.0,0,-3.21e-05,0,0,0,0.0,-4.01e-06,0.0,0,0,-8.02e-06,0,0.0,0,0,0,0.0,0.0,0,0,0.0,0,0,0,0,0.0,-0.010148324,0,0,0.0,0.0,0.0,0,0,0.0,0,0.0,0.0,0,0,0,-0.544145592,0.0,0,0,0.0,-4.01e-06,0.0,0,0.0,0,0,0.001294682,0.001294682,0.001294682,0,0,0.0,0,0.03936983,0,0.0,0,0,0.0,0,-0.000723,0,0,0,0,0,0,0.0,0.0,0.0,0,0,0.0,0,0,0,0,0,0,0
771,47,0,0,0,0,0,-0.035252131,0,0,0,0,0,-4.66e-06,0,0,0.0,0.00150462,0.0,0,0,0,0.0,0,0.0,0.0,0,0,0,0,0,0,0,0,0,0,0,0,0,0,0,0.0,0,0,0,0,0,0,0,0,0,0,0.0,0,-0.000289,0,0,0,0.0,0,0,0,0.0,0,0,0,0,0,0,0,0,0,0,0,0,-4.66e-06,0,0,0,0.0,0,0,0,0,0,0.0,-0.000335,0,0.0,0,0.0,0,0,-4.66e-06,0.34445939,0,0,0,0,0,0,0,0.0,0.0,0,0.0,0,0.0,0,0,0,0,0,0,0,0,-4.66e-06,0.0,0.0,0.0,0,0,0,0.0,0,0,0,0.0,0.0,0.0,0,0,-0.006854617,0,0.0,0.0,0,0.0,-0.038468861,-4.66e-06,0.0,-4.66e-06,0.003288094,0,0.0,0,-3.2e-05,0,0,0,0.0,-4.66e-06,0.0,0,0,-9.32e-06,0,0.0,0,0,0,0.0,0.0,0,0,0.0,0,0,0,0,0.0,-0.011839898,0,0,0.0,0.0,0.0,0,0,0.0,0,0.0,0.0,0,0,0,-0.632003054,0.0,0,0,0.0,-4.66e-06,0.0,0,0.0,0,0,0.00150462,0.00150462,0.00150462,0,0,0.0,0,0.045529058,0,0.0,0,0,0.0,0,-0.000841,0,0,0,0,0,0,0.0,0.0,0.0,0,0,0.0,0,0,0,0,0,0,0
785,48,0,0,0,0,0,-0.039954829,0,0,0,0,0,-5.28e-06,0,0,0.0,0.001705229,0.0,0,0,0,0.0,0,0.0,0.0,0,0,0,0,0,0,0,0,0,0,0,0,0,0,0,0.0,0,0,0,0,0,0,0,0,0,0,0.0,0,-0.000328,0,0,0,0.0,0,0,0,0.0,0,0,0,0,0,0,0,0,0,0,0,0,-5.28e-06,0,0,0,0.0,0,0,0,0,0,0.0,-0.000379,0,0.0,0,0.0,0,0,-5.28e-06,0.390354141,0,0,0,0,0,0,0,0.0,0.0,0,0.0,0,0.0,0,0,0,0,0,0,0,0,-5.28e-06,0.0,0.0,0.0,0,0,0,0.0,0,0,0,0.0,0.0,0.0,0,0,-0.007872371,0,0.0,0.0,0,0.0,-0.043565399,-5.28e-06,0.0,-5.28e-06,0.003778409,0,0.0,0,-3.21e-05,0,0,0,0.0,-5.28e-06,0.0,0,0,-1.06e-05,0,0.0,0,0,0,0.0,0.0,0,0,0.0,0,0,0,0,0.0,-0.013413362,0,0,0.0,0.0,0.0,0,0,0.0,0,0.0,0.0,0,0,0,-0.715984017,0.0,0,0,0.0,-5.28e-06,0.0,0,0.0,0,0,0.001705229,0.001705229,0.001705229,0,0,0.0,0,0.05154734,0,0.0,0,0,0.0,0,-0.000953,0,0,0,0,0,0,0.0,0.0,0.0,0,0,0.0,0,0,0,0,0,0,0
799,49,0,0,0,0,0,-0.044554554,0,0,0,0,0,-5.88e-06,0,0,0.0,0.001899991,0.0,0,0,0,0.0,0,0.0,0.0,0,0,0,0,0,0,0,0,0,0,0,0,0,0,0,0.0,0,0,0,0,0,0,0,0,0,0,0.0,0,-0.000365,0,0,0,0.0,0,0,0,0.0,0,0,0,0,0,0,0,0,0,0,0,0,-5.88e-06,0,0,0,0.0,0,0,0,0,0,0.0,-0.000423,0,0.0,0,0.0,0,0,-5.88e-06,0.43522997,0,0,0,0,0,0,0,0.0,0.0,0,0.0,0,0.0,0,0,0,0,0,0,0,0,-5.88e-06,0.0,0.0,0.0,0,0,0,0.0,0,0,0,0.0,0.0,0.0,0,0,-0.008860459,0,0.0,0.0,0,0.0,-0.048740834,-5.88e-06,0.0,-5.88e-06,0.004254433,0,0.0,0,-3.24e-05,0,0,0,0.0,-5.88e-06,0.0,0,0,-1.18e-05,0,0.0,0,0,0,0.0,0.0,0,0,0.0,0,0,0,0,0.0,-0.014872764,0,0,0.0,0.0,0.0,0,0,0.0,0,0.0,0.0,0,0,0,-0.798723991,0.0,0,0,0.0,-5.88e-06,0.0,0,0.0,0,0,0.001899991,0.001899991,0.001899991,0,0,0.0,0,0.057413204,0,0.0,0,0,0.0,0,-0.001061486,0,0,0,0,0,0,0.0,0.0,0.0,0,0,0.0,0,0,0,0,0,0,0
941,50,0,0,0,0,0,-0.049093025,0,0,0,0,0,-6.47e-06,0,0,0.0,0.002090435,0.0,0,0,0,0.0,0,0.0,0.0,0,0,0,0,0,0,0,0,0,0,0,0,0,0,0,0.0,0,0,0,0,0,0,0,0,0,0,0.0,0,-0.000402,0,0,0,0.0,0,0,0,0.0,0,0,0,0,0,0,0,0,0,0,0,0,-6.47e-06,0,0,0,0.0,0,0,0,0,0,0.0,-0.000465,0,0.0,0,0.0,0,0,-6.47e-06,0.479391677,0,0,0,0,0,0,0,0.0,0.0,0,0.0,0,0.0,0,0,0,0,0,0,0,0,-6.47e-06,0.0,0.0,0.0,0,0,0,0.0,0,0,0,0.0,0.0,0.0,0,0,-0.009826639,0,0.0,0.0,0,0.0,-0.054023175,-6.47e-06,0.0,-6.47e-06,0.004719903,0,0.0,0,-3.28e-05,0,0,0,0.0,-6.47e-06,0.0,0,0,-1.29e-05,0,0.0,0,0,0,0.0,0.0,0,0,0.0,0,0,0,0,0.0,-0.016218341,0,0,0.0,0.0,0.0,0,0,0.0,0,0.0,0.0,0,0,0,-0.880671236,0.0,0,0,0.0,-6.47e-06,0.0,0,0.0,0,0,0.002090435,0.002090435,0.002090435,0,0,0.0,0,0.063126516,0,0.0,0,0,0.0,0,-0.001167883,0,0,0,0,0,0,0.0,0.0,0.0,0,0,0.0,0,0,0,0,0,0,0
955,51,0,0,0,0,0,-0.053500426,0,0,0,0,0,-7.04e-06,0,0,0.0,0.002273975,0.0,0,0,0,0.0,0,0.0,0.0,0,0,0,0,0,0,0,0,0,0,0,0,0,0,0,0.0,0,0,0,0,0,0,0,0,0,0,0.0,0,-0.000437,0,0,0,0.0,0,0,0,0.0,0,0,0,0,0,0,0,0,0,0,0,0,-7.04e-06,0,0,0,0.0,0,0,0,0,0,0.0,-0.000506,0,0.0,0,0.0,0,0,-7.04e-06,0.520695295,0,0,0,0,0,0,0,0.0,0.0,0,0.0,0,0.0,0,0,0,0,0,0,0,0,-7.04e-06,0.0,0.0,0.0,0,0,0,0.0,0,0,0,0.0,0.0,0.0,0,0,-0.007244561,0,0.0,0.0,0,0.0,-0.059431191,-7.04e-06,0.0,-7.04e-06,0.003411881,0,0.0,0,-3.28e-05,0,0,0,0.0,-7.04e-06,0.0,0,0,-1.41e-05,0,0.0,0,0,0,0.0,0.0,0,0,0.0,0,0,0,0,0.0,-0.017448241,0,0,0.0,0.0,0.0,0,0,0.0,0,0.0,0.0,0,0,0,-0.959822509,0.0,0,0,0.0,-7.04e-06,0.0,0,0.0,0,0,0.002273975,0.002273975,0.002273975,0,0,0.0,0,0.068748618,0,0.0,0,0,0.0,0,-0.001270424,0,0,0,0,0,0,0.0,0.0,0.0,0,0,0.0,0,0,0,0,0,0,0
969,52,0,0,0,0,0,-0.057922588,0,0,0,0,0,-7.61e-06,0,0,0.0,0.002456029,0.0,0,0,0,0.0,0,0.0,0.0,0,0,0,0,0,0,0,0,0,0,0,0,0,0,0,0.0,0,0,0,0,0,0,0,0,0,0,0.0,0,-0.000472,0,0,0,0.0,0,0,0,0.0,0,0,0,0,0,0,0,0,0,0,0,0,-7.61e-06,0,0,0,0.0,0,0,0,0,0,0.0,-0.000547,0,0.0,0,0.0,0,0,-7.61e-06,0.5635944,0,0,0,0,0,0,0,0.0,0.0,0,0.0,0,0.0,0,0,0,0,0,0,0,0,-7.61e-06,0.0,0.0,0.0,0,0,0,0.0,0,0,0,0.0,0.0,0.0,0,0,-0.008251498,0,0.0,0.0,0,0.0,-0.064989231,-7.61e-06,0.0,-7.61e-06,0.003898505,0,0.0,0,-1.27e-05,0,0,0,0.0,-7.61e-06,0.0,0,0,-1.52e-05,0,0.0,0,0,0,0.0,0.0,0,0,0.0,0,0,0,0,0.0,-0.01856726,0,0,0.0,0.0,0.0,0,0,0.0,0,0.0,0.0,0,0,0,-1.04061966,0.0,0,0,0.0,-7.61e-06,0.0,0,0.0,0,0,0.002456029,0.002456029,0.002456029,0,0,0.0,0,0.074196336,0,0.0,0,0,0.0,0,-0.001372133,0,0,0,0,0,0,0.0,0.0,0.0,0,0,0.0,0,0,0,0,0,0,0
983,53,0,0,0,0,0,-0.062301908,0,0,0,0,0,-8.16e-06,0,0,0.0,0.002634361,0.0,0,0,0,0.0,0,0.0,0.0,0,0,0,0,0,0,0,0,0,0,0,0,0,0,0,0.0,0,0,0,0,0,0,0,0,0,0,0.0,0,-0.000506,0,0,0,0.0,0,0,0,0.0,0,0,0,0,0,0,0,0,0,0,0,0,-8.16e-06,0,0,0,0.0,0,0,0,0,0,0.0,-0.000586,0,0.0,0,0.0,0,0,-8.16e-06,0.605983426,0,0,0,0,0,0,0,0.0,0.0,0,0.0,0,0.0,0,0,0,0,0,0,0,0,-8.16e-06,0.0,0.0,0.0,0,0,0,0.0,0,0,0,0.0,0.0,0.0,0,0,-0.009156234,0,0.0,0.0,0,0.0,-0.070712759,-8.16e-06,0.0,-8.16e-06,0.004334373,0,0.0,0,-1.29e-05,0,0,0,0.0,-8.16e-06,0.0,0,0,-1.63e-05,0,0.0,0,0,0,0.0,0.0,0,0,0.0,0,0,0,0,0.0,-0.019568325,0,0,0.0,0.0,0.0,0,0,0.0,0,0.0,0.0,0,0,0,-1.121239908,0.0,0,0,0.0,-8.16e-06,0.0,0,0.0,0,0,0.002634361,0.002634361,0.002634361,0,0,0.0,0,0.079546313,0,0.0,0,0,0.0,0,-0.001471764,0,0,0,0,0,0,0.0,0.0,0.0,0,0,0.0,0,0,0,0,0,0,0
997,54,0,0,0,0,0,-0.066642388,0,0,0,0,0,-8.7e-06,0,0,0.0,0.002809139,0.0,0,0,0,0.0,0,0.0,0.0,0,0,0,0,0,0,0,0,0,0,0,0,0,0,0,0.0,0,0,0,0,0,0,0,0,0,0,0.0,0,-0.00054,0,0,0,0.0,0,0,0,0.0,0,0,0,0,0,0,0,0,0,0,0,0,-8.7e-06,0,0,0,0.0,0,0,0,0,0,0.0,-0.000625,0,0.0,0,0.0,0,0,-8.7e-06,0.647915125,0,0,0,0,0,0,0,0.0,0.0,0,0.0,0,0.0,0,0,0,0,0,0,0,0,-8.7e-06,0.0,0.0,0.0,0,0,0,0.0,0,0,0,0.0,0.0,0.0,0,0,-0.010042934,0,0.0,0.0,0,0.0,-0.076612984,-8.7e-06,0.0,-8.7e-06,0.004761552,0,0.0,0,-1.3e-05,0,0,0,0.0,-8.7e-06,0.0,0,0,-1.74e-05,0,0.0,0,0,0,0.0,0.0,0,0,0.0,0,0,0,0,0.0,-0.020452507,0,0,0.0,0.0,0.0,0,0,0.0,0,0.0,0.0,0,0,0,-1.201706895,0.0,0,0,0.0,-8.7e-06,0.0,0,0.0,0,0,0.002809139,0.002809139,0.002809139,0,0,0.0,0,0.084789637,0,0.0,0,0,0.0,0,-0.001569409,0,0,0,0,0,0,0.0,0.0,0.0,0,0,0.0,0,0,0,0,0,0,0
1011,55,0,0,0,0,0,-0.071044048,0,0,0,0,0,-9.24e-06,0,0,0.0,0.002984001,0.0,0,0,0,0.0,0,0.0,0.0,0,0,0,0,0,0,0,0,0,0,0,0,0,0,0,0.0,0,0,0,0,0,0,0,0,0,0,0.0,0,-0.000574,0,0,0,0.0,0,0,0,0.0,0,0,0,0,0,0,0,0,0,0,0,0,-9.24e-06,0,0,0,0.0,0,0,0,0,0,0.0,-0.000664,0,0.0,0,0.0,0,0,-9.24e-06,0.691747307,0,0,0,0,0,0,0,0.0,0.0,0,0.0,0,0.0,0,0,0,0,0,0,0,0,-9.24e-06,0.0,0.0,0.0,0,0,0,0.0,0,0,0,0.0,0.0,0.0,0,0,-0.014359975,0,0.0,0.0,0,0.0,-0.082697039,-9.24e-06,0.0,-9.24e-06,0.006903893,0,0.0,0,-3.3e-05,0,0,0,0.0,-9.24e-06,0.0,0,0,-1.85e-05,0,0.0,0,0,0,0.0,0.0,0,0,0.0,0,0,0,0,0.0,-0.021218949,0,0,0.0,0.0,0.0,0,0,0.0,0,0.0,0.0,0,0,0,-1.284450806,0.0,0,0,0.0,-9.24e-06,0.0,0,0.0,0,0,0.002984001,0.002984001,0.002984001,0,0,0.0,0,0.089881798,0,0.0,0,0,0.0,0,-0.0016671,0,0,0,0,0,0,0.0,0.0,0.0,0,0,0.0,0,0,0,0,0,0,0
1025,56,0,0,0,0,0,-0.075346076,0,0,0,0,0,-9.76e-06,0,0,0.0,0.00315308,0.0,0,0,0,0.0,0,0.0,0.0,0,0,0,0,0,0,0,0,0,0,0,0,0,0,0,0.0,0,0,0,0,0,0,0,0,0,0,0.0,0,-0.000606,0,0,0,0.0,0,0,0,0.0,0,0,0,0,0,0,0,0,0,0,0,0,-9.76e-06,0,0,0,0.0,0,0,0,0,0,0.0,-0.000702,0,0.0,0,0.0,0,0,-9.76e-06,0.733033017,0,0,0,0,0,0,0,0.0,0.0,0,0.0,0,0.0,0,0,0,0,0,0,0,0,-9.76e-06,0.0,0.0,0.0,0,0,0,0.0,0,0,0,0.0,0.0,0.0,0,0,-0.015217765,0,0.0,0.0,0,0.0,-0.088971541,-9.76e-06,0.0,-9.76e-06,0.007317145,0,0.0,0,-3.32e-05,0,0,0,0.0,-9.76e-06,0.0,0,0,-1.95e-05,0,0.0,0,0,0,0.0,0.0,0,0,0.0,0,0,0,0,0.0,-0.021868185,0,0,0.0,0.0,0.0,0,0,0.0,0,0.0,0.0,0,0,0,-1.364972611,0.0,0,0,0.0,-9.76e-06,0.0,0,0.0,0,0,0.00315308,0.00315308,0.00315308,0,0,0.0,0,0.094902489,0,0.0,0,0,0.0,0,-0.001761561,0,0,0,0,0,0,0.0,0.0,0.0,0,0,0.0,0,0,0,0,0,0,0
1039,57,0,0,0,0,0,-0.079586542,0,0,0,0,0,-1.03e-05,0,0,0.0,0.003317762,0.0,0,0,0,0.0,0,0.0,0.0,0,0,0,0,0,0,0,0,0,0,0,0,0,0,0,0.0,0,0,0,0,0,0,0,0,0,0,0.0,0,-0.000638,0,0,0,0.0,0,0,0,0.0,0,0,0,0,0,0,0,0,0,0,0,0,-1.03e-05,0,0,0,0.0,0,0,0,0,0,0.0,-0.000738,0,0.0,0,0.0,0,0,-1.03e-05,0.773748252,0,0,0,0,0,0,0,0.0,0.0,0,0.0,0,0.0,0,0,0,0,0,0,0,0,-1.03e-05,0.0,0.0,0.0,0,0,0,0.0,0,0,0,0.0,0.0,0.0,0,0,-0.016053247,0,0.0,0.0,0,0.0,-0.095435344,-1.03e-05,0.0,-1.03e-05,0.007719649,0,0.0,0,-3.32e-05,0,0,0,0.0,-1.03e-05,0.0,0,0,-2.05e-05,0,0.0,0,0,0,0.0,0.0,0,0,0.0,0,0,0,0,0.0,-0.022399886,0,0,0.0,0.0,0.0,0,0,0.0,0,0.0,0.0,0,0,0,-1.445312877,0.0,0,0,0.0,-1.03e-05,0.0,0,0.0,0,0,0.003317762,0.003317762,0.003317762,0,0,0.0,0,0.099842944,0,0.0,0,0,0.0,0,-0.001853566,0,0,0,0,0,0,0.0,0.0,0.0,0,0,0.0,0,0,0,0,0,0,0
1053,58,0,0,0,0,0,-0.084082709,0,0,0,0,0,-1.08e-05,0,0,0.0,0.003494103,0.0,0,0,0,0.0,0,0.0,0.0,0,0,0,0,0,0,0,0,0,0,0,0,0,0,0,0.0,0,0,0,0,0,0,0,0,0,0,0.0,0,-0.000672,0,0,0,0.0,0,0,0,0.0,0,0,0,0,0,0,0,0,0,0,0,0,-1.08e-05,0,0,0,0.0,0,0,0,0,0,0.0,-0.000778,0,0.0,0,0.0,0,0,-1.08e-05,0.816989936,0,0,0,0,0,0,0,0.0,0.0,0,0.0,0,0.0,0,0,0,0,0,0,0,0,-1.08e-05,0.0,0.0,0.0,0,0,0,0.0,0,0,0,0.0,0.0,0.0,0,0,-0.01694788,0,0.0,0.0,0,0.0,-0.102089601,-1.08e-05,0.0,-1.08e-05,0.008150649,0,0.0,0,-3.32e-05,0,0,0,0.0,-1.08e-05,0.0,0,0,-2.16e-05,0,0.0,0,0,0,0.0,0.0,0,0,0.0,0,0,0,0,0.0,-0.023058271,0,0,0.0,0.0,0.0,0,0,0.0,0,0.0,0.0,0,0,0,-1.530005521,0.0,0,0,0.0,-1.08e-05,0.0,0,0.0,0,0,0.003494103,0.003494103,0.003494103,0,0,0.0,0,0.105133178,0,0.0,0,0,0.0,0,-0.001952084,0,0,0,0,0,0,0.0,0.0,0.0,0,0,0.0,0,0,0,0,0,0,0
1067,59,0,0,0,0,0,-0.088840145,0,0,0,0,0,-1.14e-05,0,0,0.0,0.003682366,0.0,0,0,0,0.0,0,0.0,0.0,0,0,0,0,0,0,0,0,0,0,0,0,0,0,0,0.0,0,0,0,0,0,0,0,0,0,0,0.0,0,-0.000708,0,0,0,0.0,0,0,0,0.0,0,0,0,0,0,0,0,0,0,0,0,0,-1.14e-05,0,0,0,0.0,0,0,0,0,0,0.0,-0.000819,0,0.0,0,0.0,0,0,-1.14e-05,0.862813431,0,0,0,0,0,0,0,0.0,0.0,0,0.0,0,0.0,0,0,0,0,0,0,0,0,-1.14e-05,0.0,0.0,0.0,0,0,0,0.0,0,0,0,0.0,0.0,0.0,0,0,-0.017902997,0,0.0,0.0,0,0.0,-0.108937693,-1.14e-05,0.0,-1.14e-05,0.008610788,0,0.0,0,-3.3e-05,0,0,0,0.0,-1.14e-05,0.0,0,0,-2.28e-05,0,0.0,0,0,0,0.0,0.0,0,0,0.0,0,0,0,0,0.0,-0.023846576,0,0,0.0,0.0,0.0,0,0,0.0,0,0.0,0.0,0,0,0,-1.619143042,0.0,0,0,0.0,-1.14e-05,0.0,0,0.0,0,0,0.003682366,0.003682366,0.003682366,0,0,0.0,0,0.110781071,0,0.0,0,0,0.0,0,-0.002057263,0,0,0,0,0,0,0.0,0.0,0.0,0,0,0.0,0,0,0,0,0,0,0
1093,60,0,0,0,0,0,-0.093630587,0,0,0,0,0,-1.2e-05,0,0,0.0,0.003870649,0.0,0,0,0,0.0,0,0.0,0.0,0,0,0,0,0,0,0,0,0,0,0,0,0,0,0,0.0,0,0,0,0,0,0,0,0,0,0,0.0,0,-0.000744,0,0,0,0.0,0,0,0,0.0,0,0,0,0,0,0,0,0,0,0,0,0,-1.2e-05,0,0,0,0.0,0,0,0,0,0,0.0,-0.000861,0,0.0,0,0.0,0,0,-1.2e-05,0.908901792,0,0,0,0,0,0,0,0.0,0.0,0,0.0,0,0.0,0,0,0,0,0,0,0,0,-1.2e-05,0.0,0.0,0.0,0,0,0,0.0,0,0,0,0.0,0.0,0.0,0,0,-0.018858215,0,0.0,0.0,0,0.0,-0.115981376,-1.2e-05,0.0,-1.2e-05,0.009070977,0,0.0,0,-3.3e-05,0,0,0,0.0,-1.2e-05,0.0,0,0,-2.4e-05,0,0.0,0,0,0,0.0,0.0,0,0,0.0,0,0,0,0,0.0,-0.024569968,0,0,0.0,0.0,0.0,0,0,0.0,0,0.0,0.0,0,0,0,-1.709264882,0.0,0,0,0.0,-1.2e-05,0.0,0,0.0,0,0,0.003870649,0.003870649,0.003870649,0,0,0.0,0,0.116429565,0,0.0,0,0,0.0,0,-0.002162453,0,0,0,0,0,0,0.0,0.0,0.0,0,0,0.0,0,0,0,0,0,0,0
1107,61,0,0,0,0,0,-0.098291091,0,0,0,0,0,-1.25e-05,0,0,0.0,0.004052472,0.0,0,0,0,0.0,0,0.0,0.0,0,0,0,0,0,0,0,0,0,0,0,0,0,0,0,0.0,0,0,0,0,0,0,0,0,0,0,0.0,0,-0.000779,0,0,0,0.0,0,0,0,0.0,0,0,0,0,0,0,0,0,0,0,0,0,-1.25e-05,0,0,0,0.0,0,0,0,0,0,0.0,-0.000902,0,0.0,0,0.0,0,0,-1.25e-05,0.952366141,0,0,0,0,0,0,0,0.0,0.0,0,0.0,0,0.0,0,0,0,0,0,0,0,0,-1.25e-05,0.0,0.0,0.0,0,0,0,0.0,0,0,0,0.0,0.0,0.0,0,0,-0.016267423,0,0.0,0.0,0,0.0,-0.123209397,-1.25e-05,0.0,-1.25e-05,0.007758758,0,0.0,0,-3.28e-05,0,0,0,0.0,-1.25e-05,0.0,0,0,-2.51e-05,0,0.0,0,0,0,0.0,0.0,0,0,0.0,0,0,0,0,0.0,-0.025199656,0,0,0.0,0.0,0.0,0,0,0.0,0,0.0,0.0,0,0,0,-1.79732519,0.0,0,0,0.0,-1.25e-05,0.0,0,0.0,0,0,0.004052472,0.004052472,0.004052472,0,0,0.0,0,0.122103507,0,0.0,0,0,0.0,0,-0.002264033,0,0,0,0,0,0,0.0,0.0,0.0,0,0,0.0,0,0,0,0,0,0,0
1121,62,0,0,0,0,0,-0.103068651,0,0,0,0,0,-1.31e-05,0,0,0.0,0.004236986,0.0,0,0,0,0.0,0,0.0,0.0,0,0,0,0,0,0,0,0,0,0,0,0,0,0,0,0.0,0,0,0,0,0,0,0,0,0,0,0.0,0,-0.000814,0,0,0,0.0,0,0,0,0.0,0,0,0,0,0,0,0,0,0,0,0,0,-1.31e-05,0,0,0,0.0,0,0,0,0,0,0.0,-0.000943,0,0.0,0,0.0,0,0,-1.31e-05,0.998196036,0,0,0,0,0,0,0,0.0,0.0,0,0.0,0,0.0,0,0,0,0,0,0,0,0,-1.31e-05,0.0,0.0,0.0,0,0,0,0.0,0,0,0,0.0,0.0,0.0,0,0,-0.017203523,0,0.0,0.0,0,0.0,-0.130609737,-1.31e-05,0.0,-1.31e-05,0.008209735,0,0.0,0,-3.32e-05,0,0,0,0.0,-1.31e-05,0.0,0,0,-2.62e-05,0,0.0,0,0,0,0.0,0.0,0,0,0.0,0,0,0,0,0.0,-0.025742569,0,0,0.0,0.0,0.0,0,0,0.0,0,0.0,0.0,0,0,0,-1.88813286,0.0,0,0,0.0,-1.31e-05,0.0,0,0.0,0,0,0.004236986,0.004236986,0.004236986,0,0,0.0,0,0.127638945,0,0.0,0,0,0.0,0,-0.002367118,0,0,0,0,0,0,0.0,0.0,0.0,0,0,0.0,0,0,0,0,0,0,0
1135,63,0,0,0,0,0,-0.10783711,0,0,0,0,0,-1.37e-05,0,0,0.0,0.004419638,0.0,0,0,0,0.0,0,0.0,0.0,0,0,0,0,0,0,0,0,0,0,0,0,0,0,0,0.0,0,0,0,0,0,0,0,0,0,0,0.0,0,-0.00085,0,0,0,0.0,0,0,0,0.0,0,0,0,0,0,0,0,0,0,0,0,0,-1.37e-05,0,0,0,0.0,0,0,0,0,0,0.0,-0.000983,0,0.0,0,0.0,0,0,-1.37e-05,1.043876308,0,0,0,0,0,0,0,0.0,0.0,0,0.0,0,0.0,0,0,0,0,0,0,0,0,-1.37e-05,0.0,0.0,0.0,0,0,0,0.0,0,0,0,0.0,0.0,0.0,0,0,-0.018130173,0,0.0,0.0,0,0.0,-0.138170614,-1.37e-05,0.0,-1.37e-05,0.00865616,0,0.0,0,-3.3e-05,0,0,0,0.0,-1.37e-05,0.0,0,0,-2.74e-05,0,0.0,0,0,0,0.0,0.0,0,0,0.0,0,0,0,0,0.0,-0.026201743,0,0,0.0,0.0,0.0,0,0,0.0,0,0.0,0.0,0,0,0,-1.979198172,0.0,0,0,0.0,-1.37e-05,0.0,0,0.0,0,0,0.004419638,0.004419638,0.004419638,0,0,0.0,0,0.133118503,0,0.0,0,0,0.0,0,-0.002469162,0,0,0,0,0,0,0.0,0.0,0.0,0,0,0.0,0,0,0,0,0,0,0
1149,64,0,0,0,0,0,-0.112592922,0,0,0,0,0,-1.42e-05,0,0,0.0,0.004600396,0.0,0,0,0,0.0,0,0.0,0.0,0,0,0,0,0,0,0,0,0,0,0,0,0,0,0,0.0,0,0,0,0,0,0,0,0,0,0,0.0,0,-0.000884,0,0,0,0.0,0,0,0,0.0,0,0,0,0,0,0,0,0,0,0,0,0,-1.42e-05,0,0,0,0.0,0,0,0,0,0,0.0,-0.001023712,0,0.0,0,0.0,0,0,-1.42e-05,1.089377314,0,0,0,0,0,0,0,0.0,0.0,0,0.0,0,0.0,0,0,0,0,0,0,0,0,-1.42e-05,0.0,0.0,0.0,0,0,0,0.0,0,0,0,0.0,0.0,0.0,0,0,-0.019047215,0,0.0,0.0,0,0.0,-0.145873581,-1.42e-05,0.0,-1.42e-05,0.009097957,0,0.0,0,-3.32e-05,0,0,0,0.0,-1.42e-05,0.0,0,0,-2.85e-05,0,0.0,0,0,0,0.0,0.0,0,0,0.0,0,0,0,0,0.0,-0.026582573,0,0,0.0,0.0,0.0,0,0,0.0,0,0.0,0.0,0,0,0,-2.070422818,0.0,0,0,0.0,-1.42e-05,0.0,0,0.0,0,0,0.004600396,0.004600396,0.004600396,0,0,0.0,0,0.13854125,0,0.0,0,0,0.0,0,-0.002570148,0,0,0,0,0,0,0.0,0.0,0.0,0,0,0.0,0,0,0,0,0,0,0
1163,65,0,0,0,0,0,-0.117369177,0,0,0,0,0,-1.48e-05,0,0,0.0,0.00478062,0.0,0,0,0,0.0,0,0.0,0.0,0,0,0,0,0,0,0,0,0,0,0,0,0,0,0,0.0,0,0,0,0,0,0,0,0,0,0,0.0,0,-0.000919,0,0,0,0.0,0,0,0,0.0,0,0,0,0,0,0,0,0,0,0,0,0,-1.48e-05,0,0,0,0.0,0,0,0,0,0,0.0,-0.001063816,0,0.0,0,0.0,0,0,-1.48e-05,1.136613691,0,0,0,0,0,0,0,0.0,0.0,0,0.0,0,0.0,0,0,0,0,0,0,0,0,-1.48e-05,0.0,0.0,0.0,0,0,0,0.0,0,0,0,0.0,0.0,0.0,0,0,-0.023474781,0,0.0,0.0,0,0.0,-0.153699063,-1.48e-05,0.0,-1.48e-05,0.011295065,0,0.0,0,-1.36e-05,0,0,0,0.0,-1.48e-05,0.0,0,0,-2.96e-05,0,0.0,0,0,0,0.0,0.0,0,0,0.0,0,0,0,0,0.0,-0.026893272,0,0,0.0,0.0,0.0,0,0,0.0,0,0.0,0.0,0,0,0,-2.163538133,0.0,0,0,0.0,-1.48e-05,0.0,0,0.0,0,0,0.00478062,0.00478062,0.00478062,0,0,0.0,0,0.143866594,0,0.0,0,0,0.0,0,-0.002670835,0,0,0,0,0,0,0.0,0.0,0.0,0,0,0.0,0,0,0,0,0,0,0
1177,66,0,0,0,0,0,-0.122087829,0,0,0,0,0,-1.54e-05,0,0,0.0,0.004957513,0.0,0,0,0,0.0,0,0.0,0.0,0,0,0,0,0,0,0,0,0,0,0,0,0,0,0,0.0,0,0,0,0,0,0,0,0,0,0,0.0,0,-0.000953,0,0,0,0.0,0,0,0,0.0,0,0,0,0,0,0,0,0,0,0,0,0,-1.54e-05,0,0,0,0.0,0,0,0,0,0,0.0,-0.00110318,0,0.0,0,0.0,0,0,-1.54e-05,1.181658003,0,0,0,0,0,0,0,0.0,0.0,0,0.0,0,0.0,0,0,0,0,0,0,0,0,-1.54e-05,0.0,0.0,0.0,0,0,0,0.0,0,0,0,0.0,0.0,0.0,0,0,-0.024372214,0,0.0,0.0,0,0.0,-0.161625038,-1.54e-05,0.0,-1.54e-05,0.011727414,0,0.0,0,-1.33e-05,0,0,0,0.0,-1.54e-05,0.0,0,0,-3.07e-05,0,0.0,0,0,0,0.0,0.0,0,0,0.0,0,0,0,0,0.0,-0.027136879,0,0,0.0,0.0,0.0,0,0,0.0,0,0.0,0.0,0,0,0,-2.254748678,0.0,0,0,0.0,-1.54e-05,0.0,0,0.0,0,0,0.004957513,0.004957513,0.004957513,0,0,0.0,0,0.14917338,0,0.0,0,0,0.0,0,-0.002769661,0,0,0,0,0,0,0.0,0.0,0.0,0,0,0.0,0,0,0,0,0,0,0
1191,67,0,0,0,0,0,-0.12678258,0,0,0,0,0,-1.59e-05,0,0,0.0,0.005132483,0.0,0,0,0,0.0,0,0.0,0.0,0,0,0,0,0,0,0,0,0,0,0,0,0,0,0,0.0,0,0,0,0,0,0,0,0,0,0,0.0,0,-0.000987,0,0,0,0.0,0,0,0,0.0,0,0,0,0,0,0,0,0,0,0,0,0,-1.59e-05,0,0,0,0.0,0,0,0,0,0,0.0,-0.001142115,0,0.0,0,0.0,0,0,-1.59e-05,1.226431789,0,0,0,0,0,0,0,0.0,0.0,0,0.0,0,0.0,0,0,0,0,0,0,0,0,-1.59e-05,0.0,0.0,0.0,0,0,0,0.0,0,0,0,0.0,0.0,0.0,0,0,-0.025259889,0,0.0,0.0,0,0.0,-0.169628778,-1.59e-05,0.0,-1.59e-05,0.012155062,0,0.0,0,-1.34e-05,0,0,0,0.0,-1.59e-05,0.0,0,0,-3.18e-05,0,0.0,0,0,0,0.0,0.0,0,0,0.0,0,0,0,0,0.0,-0.027323038,0,0,0.0,0.0,0.0,0,0,0.0,0,0.0,0.0,0,0,0,-2.345789113,0.0,0,0,0.0,-1.59e-05,0.0,0,0.0,0,0,0.005132483,0.005132483,0.005132483,0,0,0.0,0,0.154422469,0,0.0,0,0,0.0,0,-0.002867413,0,0,0,0,0,0,0.0,0.0,0.0,0,0,0.0,0,0,0,0,0,0,0
1205,68,0,0,0,0,0,-0.13145064,0,0,0,0,0,-1.64e-05,0,0,0.0,0.005305576,0.0,0,0,0,0.0,0,0.0,0.0,0,0,0,0,0,0,0,0,0,0,0,0,0,0,0,0.0,0,0,0,0,0,0,0,0,0,0,0.0,0,-0.001019867,0,0,0,0.0,0,0,0,0.0,0,0,0,0,0,0,0,0,0,0,0,0,-1.64e-05,0,0,0,0.0,0,0,0,0,0,0.0,-0.001180633,0,0.0,0,0.0,0,0,-1.64e-05,1.27091467,0,0,0,0,0,0,0,0.0,0.0,0,0.0,0,0.0,0,0,0,0,0,0,0,0,-1.64e-05,0.0,0.0,0.0,0,0,0,0.0,0,0,0,0.0,0.0,0.0,0,0,-0.026138045,0,0.0,0.0,0,0.0,-0.177688166,-1.64e-05,0.0,-1.64e-05,0.012578125,0,0.0,0,-1.39e-05,0,0,0,0.0,-1.64e-05,0.0,0,0,-3.29e-05,0,0.0,0,0,0,0.0,0.0,0,0,0.0,0,0,0,0,0.0,-0.027459889,0,0,0.0,0.0,0.0,0,0,0.0,0,0.0,0.0,0,0,0,-2.43656245,0.0,0,0,0.0,-1.64e-05,0.0,0,0.0,0,0,0.005305576,0.005305576,0.005305576,0,0,0.0,0,0.159615267,0,0.0,0,0,0.0,0,-0.002964117,0,0,0,0,0,0,0.0,0.0,0.0,0,0,0.0,0,0,0,0,0,0,0
1219,69,0,0,0,0,0,-0.13608858,0,0,0,0,0,-1.7e-05,0,0,0.0,0.00547682,0.0,0,0,0,0.0,0,0.0,0.0,0,0,0,0,0,0,0,0,0,0,0,0,0,0,0,0.0,0,0,0,0,0,0,0,0,0,0,0.0,0,-0.001052785,0,0,0,0.0,0,0,0,0.0,0,0,0,0,0,0,0,0,0,0,0,0,-1.7e-05,0,0,0,0.0,0,0,0,0,0,0.0,-0.001218739,0,0.0,0,0.0,0,0,-1.7e-05,1.315080328,0,0,0,0,0,0,0,0.0,0.0,0,0.0,0,0.0,0,0,0,0,0,0,0,0,-1.7e-05,0.0,0.0,0.0,0,0,0,0.0,0,0,0,0.0,0.0,0.0,0,0,-0.027006818,0,0.0,0.0,0,0.0,-0.185780966,-1.7e-05,0.0,-1.7e-05,0.012996668,0,0.0,0,-1.35e-05,0,0,0,0.0,-1.7e-05,0.0,0,0,-3.39e-05,0,0.0,0,0,0,0.0,0.0,0,0,0.0,0,0,0,0,0.0,-0.027555768,0,0,0.0,0.0,0.0,0,0,0.0,0,0.0,0.0,0,0,0,-2.526959589,0.0,0,0,0.0,-1.7e-05,0.0,0,0.0,0,0,0.00547682,0.00547682,0.00547682,0,0,0.0,0,0.164752585,0,0.0,0,0,0.0,0,-0.003059788,0,0,0,0,0,0,0.0,0.0,0.0,0,0,0.0,0,0,0,0,0,0,0
1233,70,0,0,0,0,0,-0.140695431,0,0,0,0,0,-1.75e-05,0,0,0.0,0.005646329,0.0,0,0,0,0.0,0,0.0,0.0,0,0,0,0,0,0,0,0,0,0,0,0,0,0,0,0.0,0,0,0,0,0,0,0,0,0,0,0.0,0,-0.001085369,0,0,0,0.0,0,0,0,0.0,0,0,0,0,0,0,0,0,0,0,0,0,-1.75e-05,0,0,0,0.0,0,0,0,0,0,0.0,-0.00125646,0,0.0,0,0.0,0,0,-1.75e-05,1.358925731,0,0,0,0,0,0,0,0.0,0.0,0,0.0,0,0.0,0,0,0,0,0,0,0,0,-1.75e-05,0.0,0.0,0.0,0,0,0,0.0,0,0,0,0.0,0.0,0.0,0,0,-0.027866791,0,0.0,0.0,0,0.0,-0.193886802,-1.75e-05,0.0,-1.75e-05,0.01341097,0,0.0,0,-1.34e-05,0,0,0,0.0,-1.75e-05,0.0,0,0,-3.5e-05,0,0.0,0,0,0,0.0,0.0,0,0,0.0,0,0,0,0,0.0,-0.027618895,0,0,0.0,0.0,0.0,0,0,0.0,0,0.0,0.0,0,0,0,-2.616917428,0.0,0,0,0.0,-1.75e-05,0.0,0,0.0,0,0,0.005646329,0.005646329,0.005646329,0,0,0.0,0,0.169837864,0,0.0,0,0,0.0,0,-0.003154489,0,0,0,0,0,0,0.0,0.0,0.0,0,0,0.0,0,0,0,0,0,0,0
1247,71,0,0,0,0,0,-0.14524616,0,0,0,0,0,-1.8e-05,0,0,0.0,0.005812543,0.0,0,0,0,0.0,0,0.0,0.0,0,0,0,0,0,0,0,0,0,0,0,0,0,0,0,0.0,0,0,0,0,0,0,0,0,0,0,0.0,0,-0.00111732,0,0,0,0.0,0,0,0,0.0,0,0,0,0,0,0,0,0,0,0,0,0,-1.8e-05,0,0,0,0.0,0,0,0,0,0,0.0,-0.001293447,0,0.0,0,0.0,0,0,-1.8e-05,1.402122873,0,0,0,0,0,0,0,0.0,0.0,0,0.0,0,0.0,0,0,0,0,0,0,0,0,-1.8e-05,0.0,0.0,0.0,0,0,0,0.0,0,0,0,0.0,0.0,0.0,0,0,-0.028710045,0,0.0,0.0,0,0.0,-0.201983673,-1.8e-05,0.0,-1.8e-05,0.013817218,0,0.0,0,-3.37e-05,0,0,0,0.0,-1.8e-05,0.0,0,0,-3.6e-05,0,0.0,0,0,0,0.0,0.0,0,0,0.0,0,0,0,0,0.0,-0.027613902,0,0,0.0,0.0,0.0,0,0,0.0,0,0.0,0.0,0,0,0,-2.705855817,0.0,0,0,0.0,-1.8e-05,0.0,0,0.0,0,0,0.005812543,0.005812543,0.005812543,0,0,0.0,0,0.174792588,0,0.0,0,0,0.0,0,-0.003247349,0,0,0,0,0,0,0.0,0.0,0.0,0,0,0.0,0,0,0,0,0,0,0
1261,72,0,0,0,0,0,-0.149043774,0,0,0,0,0,-1.84e-05,0,0,0.0,0.005940279,0.0,0,0,0,0.0,0,0.0,0.0,0,0,0,0,0,0,0,0,0,0,0,0,0,0,0,0.0,0,0,0,0,0,0,0,0,0,0,0.0,0,-0.001141874,0,0,0,0.0,0,0,0,0.0,0,0,0,0,0,0,0,0,0,0,0,0,-1.84e-05,0,0,0,0.0,0,0,0,0,0,0.0,-0.001321871,0,0.0,0,0.0,0,0,-1.84e-05,1.437771634,0,0,0,0,0,0,0,0.0,0.0,0,0.0,0,0.0,0,0,0,0,0,0,0,0,-1.84e-05,0.0,0.0,0.0,0,0,0,0.0,0,0,0,0.0,0.0,0.0,0,0,-0.029358088,0,0.0,0.0,0,0.0,-0.210048299,-1.84e-05,0.0,-1.84e-05,0.014129421,0,0.0,0,-3.36e-05,0,0,0,0.0,-1.84e-05,0.0,0,0,-3.68e-05,0,0.0,0,0,0,0.0,0.0,0,0,0.0,0,0,0,0,0.0,-0.027009339,0,0,0.0,0.0,0.0,0,0,0.0,0,0.0,0.0,0,0,0,-2.783426597,0.0,0,0,0.0,-1.84e-05,0.0,0,0.0,0,0,0.005940279,0.005940279,0.005940279,0,0,0.0,0,0.178624661,0,0.0,0,0,0.0,0,-0.003318712,0,0,0,0,0,0,0.0,0.0,0.0,0,0,0.0,0,0,0,0,0,0,0
1275,73,0,0,0,0,0,-0.152095339,0,0,0,0,0,-1.87e-05,0,0,0.0,0.006029967,0.0,0,0,0,0.0,0,0.0,0.0,0,0,0,0,0,0,0,0,0,0,0,0,0,0,0,0.0,0,0,0,0,0,0,0,0,0,0,0.0,0,-0.001159114,0,0,0,0.0,0,0,0,0.0,0,0,0,0,0,0,0,0,0,0,0,0,-1.87e-05,0,0,0,0.0,0,0,0,0,0,0.0,-0.001341829,0,0.0,0,0.0,0,0,-1.87e-05,1.465882902,0,0,0,0,0,0,0,0.0,0.0,0,0.0,0,0.0,0,0,0,0,0,0,0,0,-1.87e-05,0.0,0.0,0.0,0,0,0,0.0,0,0,0,0.0,0.0,0.0,0,0,-0.029813103,0,0.0,0.0,0,0.0,-0.218021723,-1.87e-05,0.0,-1.87e-05,0.01434863,0,0.0,0,-3.33e-05,0,0,0,0.0,-1.87e-05,0.0,0,0,-3.73e-05,0,0.0,0,0,0,0.0,0.0,0,0,0.0,0,0,0,0,0.0,-0.025814619,0,0,0.0,0.0,0.0,0,0,0.0,0,0.0,0.0,0,0,0,-2.849445705,0.0,0,0,0.0,-1.87e-05,0.0,0,0.0,0,0,0.006029967,0.006029967,0.006029967,0,0,0.0,0,0.181315303,0,0.0,0,0,0.0,0,-0.003368819,0,0,0,0,0,0,0.0,0.0,0.0,0,0,0.0,0,0,0,0,0,0,0
1289,74,0,0,0,0,0,-0.155213323,0,0,0,0,0,-1.9e-05,0,0,0.0,0.006124392,0.0,0,0,0,0.0,0,0.0,0.0,0,0,0,0,0,0,0,0,0,0,0,0,0,0,0,0.0,0,0,0,0,0,0,0,0,0,0,0.0,0,-0.001177265,0,0,0,0.0,0,0,0,0.0,0,0,0,0,0,0,0,0,0,0,0,0,-1.9e-05,0,0,0,0.0,0,0,0,0,0,0.0,-0.001362841,0,0.0,0,0.0,0,0,-1.9e-05,1.494720901,0,0,0,0,0,0,0,0.0,0.0,0,0.0,0,0.0,0,0,0,0,0,0,0,0,-1.9e-05,0.0,0.0,0.0,0,0,0,0.0,0,0,0,0.0,0.0,0.0,0,0,-0.030292152,0,0.0,0.0,0,0.0,-0.225847499,-1.9e-05,0.0,-1.9e-05,0.014579418,0,0.0,0,-3.32e-05,0,0,0,0.0,-1.9e-05,0.0,0,0,-3.79e-05,0,0.0,0,0,0,0.0,0.0,0,0,0.0,0,0,0,0,0.0,-0.024746321,0,0,0.0,0.0,0.0,0,0,0.0,0,0.0,0.0,0,0,0,-2.916108817,0.0,0,0,0.0,-1.9e-05,0.0,0,0.0,0,0,0.006124392,0.006124392,0.006124392,0,0,0.0,0,0.184148065,0,0.0,0,0,0.0,0,-0.003421573,0,0,0,0,0,0,0.0,0.0,0.0,0,0,0.0,0,0,0,0,0,0,0
1303,75,0,0,0,0,0,-0.1583838,0,0,0,0,0,-1.93e-05,0,0,0.0,0.006223015,0.0,0,0,0,0.0,0,0.0,0.0,0,0,0,0,0,0,0,0,0,0,0,0,0,0,0,0.0,0,0,0,0,0,0,0,0,0,0,0.0,0,-0.001196223,0,0,0,0.0,0,0,0,0.0,0,0,0,0,0,0,0,0,0,0,0,0,-1.93e-05,0,0,0,0.0,0,0,0,0,0,0.0,-0.001384788,0,0.0,0,0.0,0,0,-1.93e-05,1.524146276,0,0,0,0,0,0,0,0.0,0.0,0,0.0,0,0.0,0,0,0,0,0,0,0,0,-1.93e-05,0.0,0.0,0.0,0,0,0,0.0,0,0,0,0.0,0.0,0.0,0,0,-0.030792499,0,0.0,0.0,0,0.0,-0.233501481,-1.93e-05,0.0,-1.93e-05,0.014820467,0,0.0,0,-3.33e-05,0,0,0,0.0,-1.93e-05,0.0,0,0,-3.85e-05,0,0.0,0,0,0,0.0,0.0,0,0,0.0,0,0,0,0,0.0,-0.023802783,0,0,0.0,0.0,0.0,0,0,0.0,0,0.0,0.0,0,0,0,-2.983128976,0.0,0,0,0.0,-1.93e-05,0.0,0,0.0,0,0,0.006223015,0.006223015,0.006223015,0,0,0.0,0,0.187103925,0,0.0,0,0,0.0,0,-0.003476672,0,0,0,0,0,0,0.0,0.0,0.0,0,0,0.0,0,0,0,0,0,0,0
1317,76,0,0,0,0,0,-0.161587128,0,0,0,0,0,-1.96e-05,0,0,0.0,0.006325034,0.0,0,0,0,0.0,0,0.0,0.0,0,0,0,0,0,0,0,0,0,0,0,0,0,0,0,0.0,0,0,0,0,0,0,0,0,0,0,0.0,0,-0.001215833,0,0,0,0.0,0,0,0,0.0,0,0,0,0,0,0,0,0,0,0,0,0,-1.96e-05,0,0,0,0.0,0,0,0,0,0,0.0,-0.00140749,0,0.0,0,0.0,0,0,-1.96e-05,1.553980185,0,0,0,0,0,0,0,0.0,0.0,0,0.0,0,0.0,0,0,0,0,0,0,0,0,-1.96e-05,0.0,0.0,0.0,0,0,0,0.0,0,0,0,0.0,0.0,0.0,0,0,-0.031310073,0,0.0,0.0,0,0.0,-0.24096403,-1.96e-05,0.0,-1.96e-05,0.015069814,0,0.0,0,-3.33e-05,0,0,0,0.0,-1.96e-05,0.0,0,0,-3.92e-05,0,0.0,0,0,0,0.0,0.0,0,0,0.0,0,0,0,0,0.0,-0.022979373,0,0,0.0,0.0,0.0,0,0,0.0,0,0.0,0.0,0,0,0,-3.05019088,0.0,0,0,0.0,-1.96e-05,0.0,0,0.0,0,0,0.006325034,0.006325034,0.006325034,0,0,0.0,0,0.190164493,0,0.0,0,0,0.0,0,-0.003533668,0,0,0,0,0,0,0.0,0.0,0.0,0,0,0.0,0,0,0,0,0,0,0
1331,77,0,0,0,0,0,-0.164785803,0,0,0,0,0,-1.99e-05,0,0,0.0,0.006428952,0.0,0,0,0,0.0,0,0.0,0.0,0,0,0,0,0,0,0,0,0,0,0,0,0,0,0,0.0,0,0,0,0,0,0,0,0,0,0,0.0,0,-0.001235809,0,0,0,0.0,0,0,0,0.0,0,0,0,0,0,0,0,0,0,0,0,0,-1.99e-05,0,0,0,0.0,0,0,0,0,0,0.0,-0.001430614,0,0.0,0,0.0,0,0,-1.99e-05,1.58391853,0,0,0,0,0,0,0,0.0,0.0,0,0.0,0,0.0,0,0,0,0,0,0,0,0,-1.99e-05,0.0,0.0,0.0,0,0,0,0.0,0,0,0,0.0,0.0,0.0,0,0,-0.031837278,0,0.0,0.0,0,0.0,-0.248231663,-1.99e-05,0.0,-1.99e-05,0.015323802,0,0.0,0,-1.33e-05,0,0,0,0.0,-1.99e-05,0.0,0,0,-3.98e-05,0,0.0,0,0,0,0.0,0.0,0,0,0.0,0,0,0,0,0.0,-0.022269172,0,0,0.0,0.0,0.0,0,0,0.0,0,0.0,0.0,0,0,0,-3.116846392,0.0,0,0,0.0,-1.99e-05,0.0,0,0.0,0,0,0.006428952,0.006428952,0.006428952,0,0,0.0,0,0.193313703,0,0.0,0,0,0.0,0,-0.003591724,0,0,0,0,0,0,0.0,0.0,0.0,0,0,0.0,0,0,0,0,0,0,0
1345,78,0,0,0,0,0,-0.168054565,0,0,0,0,0,-2.02e-05,0,0,0.0,0.006537351,0.0,0,0,0,0.0,0,0.0,0.0,0,0,0,0,0,0,0,0,0,0,0,0,0,0,0,0.0,0,0,0,0,0,0,0,0,0,0,0.0,0,-0.001256646,0,0,0,0.0,0,0,0,0.0,0,0,0,0,0,0,0,0,0,0,0,0,-2.02e-05,0,0,0,0.0,0,0,0,0,0,0.0,-0.001454736,0,0.0,0,0.0,0,0,-2.02e-05,1.614435669,0,0,0,0,0,0,0,0.0,0.0,0,0.0,0,0.0,0,0,0,0,0,0,0,0,-2.02e-05,0.0,0.0,0.0,0,0,0,0.0,0,0,0,0.0,0.0,0.0,0,0,-0.032387222,0,0.0,0.0,0,0.0,-0.255299665,-2.02e-05,0.0,-2.02e-05,0.015588744,0,0.0,0,-1.35e-05,0,0,0,0.0,-2.02e-05,0.0,0,0,-4.05e-05,0,0.0,0,0,0,0.0,0.0,0,0,0.0,0,0,0,0,0.0,-0.021664085,0,0,0.0,0.0,0.0,0,0,0.0,0,0.0,0.0,0,0,0,-3.18364159,0.0,0,0,0.0,-2.02e-05,0.0,0,0.0,0,0,0.006537351,0.006537351,0.006537351,0,0,0.0,0,0.196514001,0,0.0,0,0,0.0,0,-0.003652285,0,0,0,0,0,0,0.0,0.0,0.0,0,0,0.0,0,0,0,0,0,0,0
1359,79,0,0,0,0,0,-0.17129579,0,0,0,0,0,-2.06e-05,0,0,0.0,0.00664651,0.0,0,0,0,0.0,0,0.0,0.0,0,0,0,0,0,0,0,0,0,0,0,0,0,0,0,0.0,0,0,0,0,0,0,0,0,0,0,0.0,0,-0.001277629,0,0,0,0.0,0,0,0,0.0,0,0,0,0,0,0,0,0,0,0,0,0,-2.06e-05,0,0,0,0.0,0,0,0,0,0,0.0,-0.001479027,0,0.0,0,0.0,0,0,-2.06e-05,1.644867183,0,0,0,0,0,0,0,0.0,0.0,0,0.0,0,0.0,0,0,0,0,0,0,0,0,-2.06e-05,0.0,0.0,0.0,0,0,0,0.0,0,0,0,0.0,0.0,0.0,0,0,-0.032941017,0,0.0,0.0,0,0.0,-0.262167151,-2.06e-05,0.0,-2.06e-05,0.015855542,0,0.0,0,-1.32e-05,0,0,0,0.0,-2.06e-05,0.0,0,0,-4.12e-05,0,0.0,0,0,0,0.0,0.0,0,0,0.0,0,0,0,0,0.0,-0.021155607,0,0,0.0,0.0,0.0,0,0,0.0,0,0.0,0.0,0,0,0,-3.249808625,0.0,0,0,0.0,-2.06e-05,0.0,0,0.0,0,0,0.00664651,0.00664651,0.00664651,0,0,0.0,0,0.199788753,0,0.0,0,0,0.0,0,-0.003713269,0,0,0,0,0,0,0.0,0.0,0.0,0,0,0.0,0,0,0,0,0,0,0
1470,80,0,0,0,0,0,-0.174524599,0,0,0,0,0,-2.09e-05,0,0,0.0,0.006756813,0.0,0,0,0,0.0,0,0.0,0.0,0,0,0,0,0,0,0,0,0,0,0,0,0,0,0,0.0,0,0,0,0,0,0,0,0,0,0,0.0,0,-0.001298832,0,0,0,0.0,0,0,0,0.0,0,0,0,0,0,0,0,0,0,0,0,0,-2.09e-05,0,0,0,0.0,0,0,0,0,0,0.0,-0.001503572,0,0.0,0,0.0,0,0,-2.09e-05,1.675246572,0,0,0,0,0,0,0,0.0,0.0,0,0.0,0,0.0,0,0,0,0,0,0,0,0,-2.09e-05,0.0,0.0,0.0,0,0,0,0.0,0,0,0,0.0,0.0,0.0,0,0,-0.033500618,0,0.0,0.0,0,0.0,-0.268828241,-2.09e-05,0.0,-2.09e-05,0.016125136,0,0.0,0,-1.3e-05,0,0,0,0.0,-2.09e-05,0.0,0,0,-4.18e-05,0,0.0,0,0,0,0.0,0.0,0,0,0.0,0,0,0,0,0.0,-0.020734599,0,0,0.0,0.0,0.0,0,0,0.0,0,0.0,0.0,0,0,0,-3.315277417,0.0,0,0,0.0,-2.09e-05,0.0,0,0.0,0,0,0.006756813,0.006756813,0.006756813,0,0,0.0,0,0.203097841,0,0.0,0,0,0.0,0,-0.003774893,0,0,0,0,0,0,0.0,0.0,0.0,0,0,0.0,0,0,0,0,0,0,0
1497,81,0,0,0,0,0,-0.177719864,0,0,0,0,0,-2.13e-05,0,0,0.0,0.006867323,0.0,0,0,0,0.0,0,0.0,0.0,0,0,0,0,0,0,0,0,0,0,0,0,0,0,0,0.0,0,0,0,0,0,0,0,0,0,0,0.0,0,-0.001320075,0,0,0,0.0,0,0,0,0.0,0,0,0,0,0,0,0,0,0,0,0,0,-2.13e-05,0,0,0,0.0,0,0,0,0,0,0.0,-0.001528163,0,0.0,0,0.0,0,0,-2.13e-05,1.705366146,0,0,0,0,0,0,0,0.0,0.0,0,0.0,0,0.0,0,0,0,0,0,0,0,0,-2.13e-05,0.0,0.0,0.0,0,0,0,0.0,0,0,0,0.0,0.0,0.0,0,0,-0.034061269,0,0.0,0.0,0,0.0,-0.275263635,-2.13e-05,0.0,-2.13e-05,0.016395237,0,0.0,0,-1.32e-05,0,0,0,0.0,-2.13e-05,0.0,0,0,-4.25e-05,0,0.0,0,0,0,0.0,0.0,0,0,0.0,0,0,0,0,0.0,-0.020392012,0,0,0.0,0.0,0.0,0,0,0.0,0,0.0,0.0,0,0,0,-3.37968037,0.0,0,0,0.0,-2.13e-05,0.0,0,0.0,0,0,0.006867323,0.006867323,0.006867323,0,0,0.0,0,0.206413142,0,0.0,0,0,0.0,0,-0.003836633,0,0,0,0,0,0,0.0,0.0,0.0,0,0,0.0,0,0,0,0,0,0,0
1524,82,0,0,0,0,0,-0.180868165,0,0,0,0,0,-2.16e-05,0,0,0.0,0.006977387,0.0,0,0,0,0.0,0,0.0,0.0,0,0,0,0,0,0,0,0,0,0,0,0,0,0,0,0.0,0,0,0,0,0,0,0,0,0,0,0.0,0,-0.001341232,0,0,0,0.0,0,0,0,0.0,0,0,0,0,0,0,0,0,0,0,0,0,-2.16e-05,0,0,0,0.0,0,0,0,0,0,0.0,-0.001552656,0,0.0,0,0.0,0,0,-2.16e-05,1.735091632,0,0,0,0,0,0,0,0.0,0.0,0,0.0,0,0.0,0,0,0,0,0,0,0,0,-2.16e-05,0.0,0.0,0.0,0,0,0,0.0,0,0,0,0.0,0.0,0.0,0,0,-0.034619661,0,0.0,0.0,0,0.0,-0.281468191,-2.16e-05,0.0,-2.16e-05,0.016664249,0,0.0,0,-1.39e-05,0,0,0,0.0,-2.16e-05,0.0,0,0,-4.32e-05,0,0.0,0,0,0,0.0,0.0,0,0,0.0,0,0,0,0,0.0,-0.02011897,0,0,0.0,0.0,0.0,0,0,0.0,0,0.0,0.0,0,0,0,-3.442800817,0.0,0,0,0.0,-2.16e-05,0.0,0,0.0,0,0,0.006977387,0.006977387,0.006977387,0,0,0.0,0,0.209715077,0,0.0,0,0,0.0,0,-0.003898124,0,0,0,0,0,0,0.0,0.0,0.0,0,0,0.0,0,0,0,0,0,0,0
1551,83,0,0,0,0,0,-0.183957404,0,0,0,0,0,-2.19e-05,0,0,0.0,0.007086411,0.0,0,0,0,0.0,0,0.0,0.0,0,0,0,0,0,0,0,0,0,0,0,0,0,0,0,0.0,0,0,0,0,0,0,0,0,0,0,0.0,0,-0.00136219,0,0,0,0.0,0,0,0,0.0,0,0,0,0,0,0,0,0,0,0,0,0,-2.19e-05,0,0,0,0.0,0,0,0,0,0,0.0,-0.001576916,0,0.0,0,0.0,0,0,-2.19e-05,1.764301705,0,0,0,0,0,0,0,0.0,0.0,0,0.0,0,0.0,0,0,0,0,0,0,0,0,-2.19e-05,0.0,0.0,0.0,0,0,0,0.0,0,0,0,0.0,0.0,0.0,0,0,-0.035172772,0,0.0,0.0,0,0.0,-0.287438347,-2.19e-05,0.0,-2.19e-05,0.016930718,0,0.0,0,-1.46e-05,0,0,0,0.0,-2.19e-05,0.0,0,0,-4.39e-05,0,0.0,0,0,0,0.0,0.0,0,0,0.0,0,0,0,0,0.0,-0.019907099,0,0,0.0,0.0,0.0,0,0,0.0,0,0.0,0.0,0,0,0,-3.50444565,0.0,0,0,0.0,-2.19e-05,0.0,0,0.0,0,0,0.007086411,0.007086411,0.007086411,0,0,0.0,0,0.212985791,0,0.0,0,0,0.0,0,-0.003959033,0,0,0,0,0,0,0.0,0.0,0.0,0,0,0.0,0,0,0,0,0,0,0
1565,84,0,0,0,0,0,-0.186972528,0,0,0,0,0,-2.23e-05,0,0,0.0,0.007193696,0.0,0,0,0,0.0,0,0.0,0.0,0,0,0,0,0,0,0,0,0,0,0,0,0,0,0,0.0,0,0,0,0,0,0,0,0,0,0,0.0,0,-0.001382813,0,0,0,0.0,0,0,0,0.0,0,0,0,0,0,0,0,0,0,0,0,0,-2.23e-05,0,0,0,0.0,0,0,0,0,0,0.0,-0.00160079,0,0.0,0,0.0,0,0,-2.23e-05,1.792847167,0,0,0,0,0,0,0,0.0,0.0,0,0.0,0,0.0,0,0,0,0,0,0,0,0,-2.23e-05,0.0,0.0,0.0,0,0,0,0.0,0,0,0,0.0,0.0,0.0,0,0,-0.035717063,0,0.0,0.0,0,0.0,-0.293163982,-2.23e-05,0.0,-2.23e-05,0.017192937,0,0.0,0,-1.54e-05,0,0,0,0.0,-2.23e-05,0.0,0,0,-4.46e-05,0,0.0,0,0,0,0.0,0.0,0,0,0.0,0,0,0,0,0.0,-0.019748307,0,0,0.0,0.0,0.0,0,0,0.0,0,0.0,0.0,0,0,0,-3.564361719,0.0,0,0,0.0,-2.23e-05,0.0,0,0.0,0,0,0.007193696,0.007193696,0.007193696,0,0,0.0,0,0.216204348,0,0.0,0,0,0.0,0,-0.004018971,0,0,0,0,0,0,0.0,0.0,0.0,0,0,0.0,0,0,0,0,0,0,0
1579,85,0,0,0,0,0,-0.189901174,0,0,0,0,0,-2.26e-05,0,0,0.0,0.007298658,0.0,0,0,0,0.0,0,0.0,0.0,0,0,0,0,0,0,0,0,0,0,0,0,0,0,0,0.0,0,0,0,0,0,0,0,0,0,0,0.0,0,-0.001402989,0,0,0,0.0,0,0,0,0.0,0,0,0,0,0,0,0,0,0,0,0,0,-2.26e-05,0,0,0,0.0,0,0,0,0,0,0.0,-0.001624147,0,0.0,0,0.0,0,0,-2.26e-05,1.820604959,0,0,0,0,0,0,0,0.0,0.0,0,0.0,0,0.0,0,0,0,0,0,0,0,0,-2.26e-05,0.0,0.0,0.0,0,0,0,0.0,0,0,0,0.0,0.0,0.0,0,0,-0.036249565,0,0.0,0.0,0,0.0,-0.298639109,-2.26e-05,0.0,-2.26e-05,0.017449476,0,0.0,0,-1.57e-05,0,0,0,0.0,-2.26e-05,0.0,0,0,-4.52e-05,0,0.0,0,0,0,0.0,0.0,0,0,0.0,0,0,0,0,0.0,-0.019635301,0,0,0.0,0.0,0.0,0,0,0.0,0,0.0,0.0,0,0,0,-3.622345378,0.0,0,0,0.0,-2.26e-05,0.0,0,0.0,0,0,0.007298658,0.007298658,0.007298658,0,0,0.0,0,0.219353192,0,0.0,0,0,0.0,0,-0.004077611,0,0,0,0,0,0,0.0,0.0,0.0,0,0,0.0,0,0,0,0,0,0,0
1593,86,0,0,0,0,0,-0.192731877,0,0,0,0,0,-2.29e-05,0,0,0.0,0.007400756,0.0,0,0,0,0.0,0,0.0,0.0,0,0,0,0,0,0,0,0,0,0,0,0,0,0,0,0.0,0,0,0,0,0,0,0,0,0,0,0.0,0,-0.001422615,0,0,0,0.0,0,0,0,0.0,0,0,0,0,0,0,0,0,0,0,0,0,-2.29e-05,0,0,0,0.0,0,0,0,0,0,0.0,-0.001646867,0,0.0,0,0.0,0,0,-2.29e-05,1.847461159,0,0,0,0,0,0,0,0.0,0.0,0,0.0,0,0.0,0,0,0,0,0,0,0,0,-2.29e-05,0.0,0.0,0.0,0,0,0,0.0,0,0,0,0.0,0.0,0.0,0,0,-0.036767544,0,0.0,0.0,0,0.0,-0.303856571,-2.29e-05,0.0,-2.29e-05,0.017699019,0,0.0,0,-1.59e-05,0,0,0,0.0,-2.29e-05,0.0,0,0,-4.58e-05,0,0.0,0,0,0,0.0,0.0,0,0,0.0,0,0,0,0,0.0,-0.019561513,0,0,0.0,0.0,0.0,0,0,0.0,0,0.0,0.0,0,0,0,-3.678205656,0.0,0,0,0.0,-2.29e-05,0.0,0,0.0,0,0,0.007400756,0.007400756,0.007400756,0,0,0.0,0,0.222416157,0,0.0,0,0,0.0,0,-0.004134652,0,0,0,0,0,0,0.0,0.0,0.0,0,0,0.0,0,0,0,0,0,0,0
1607,87,0,0,0,0,0,-0.195452545,0,0,0,0,0,-2.32e-05,0,0,0.0,0.007499446,0.0,0,0,0,0.0,0,0.0,0.0,0,0,0,0,0,0,0,0,0,0,0,0,0,0,0,0.0,0,0,0,0,0,0,0,0,0,0,0.0,0,-0.001441585,0,0,0,0.0,0,0,0,0.0,0,0,0,0,0,0,0,0,0,0,0,0,-2.32e-05,0,0,0,0.0,0,0,0,0,0,0.0,-0.001668828,0,0.0,0,0.0,0,0,-2.32e-05,1.873296463,0,0,0,0,0,0,0,0.0,0.0,0,0.0,0,0.0,0,0,0,0,0,0,0,0,-2.32e-05,0.0,0.0,0.0,0,0,0,0.0,0,0,0,0.0,0.0,0.0,0,0,-0.037268225,0,0.0,0.0,0,0.0,-0.308806857,-2.32e-05,0.0,-2.32e-05,0.017940228,0,0.0,0,-1.61e-05,0,0,0,0.0,-2.32e-05,0.0,0,0,-4.64e-05,0,0.0,0,0,0,0.0,0.0,0,0,0.0,0,0,0,0,0.0,-0.019521191,0,0,0.0,0.0,0.0,0,0,0.0,0,0.0,0.0,0,0,0,-3.731735469,0.0,0,0,0.0,-2.32e-05,0.0,0,0.0,0,0,0.007499446,0.007499446,0.007499446,0,0,0.0,0,0.225376831,0,0.0,0,0,0.0,0,-0.004189787,0,0,0,0,0,0,0.0,0.0,0.0,0,0,0.0,0,0,0,0,0,0,0
4,88,0,0,0,0,0,-0.198050941,0,0,0,0,0,-2.35e-05,0,0,0.0,0.007594182,0.0,0,0,0,0.0,0,0.0,0.0,0,0,0,0,0,0,0,0,0,0,0,0,0,0,0,0.0,0,0,0,0,0,0,0,0,0,0,0.0,0,-0.001459796,0,0,0,0.0,0,0,0,0.0,0,0,0,0,0,0,0,0,0,0,0,0,-2.35e-05,0,0,0,0.0,0,0,0,0,0,0.0,-0.001689909,0,0.0,0,0.0,0,0,-2.35e-05,1.897990564,0,0,0,0,0,0,0,0.0,0.0,0,0.0,0,0.0,0,0,0,0,0,0,0,0,-2.35e-05,0.0,0.0,0.0,0,0,0,0.0,0,0,0,0.0,0.0,0.0,0,0,-0.037748851,0,0.0,0.0,0,0.0,-0.313479129,-2.35e-05,0.0,-2.35e-05,0.018171775,0,0.0,0,-1.62e-05,0,0,0,0.0,-2.35e-05,0.0,0,0,-4.7e-05,0,0.0,0,0,0,0.0,0.0,0,0,0.0,0,0,0,0,0.0,-0.019509075,0,0,0.0,0.0,0.0,0,0,0.0,0,0.0,0.0,0,0,0,-3.782722316,0.0,0,0,0.0,-2.35e-05,0.0,0,0.0,0,0,0.007594182,0.007594182,0.007594182,0,0,0.0,0,0.228218914,0,0.0,0,0,0.0,0,-0.004242714,0,0,0,0,0,0,0.0,0.0,0.0,0,0,0.0,0,0,0,0,0,0,0
18,89,0,0,0,0,0,-0.201247724,0,0,0,0,0,-2.38e-05,0,0,0.0,0.007676821,0.0,0,0,0,0.0,0,0.0,0.0,0,0,0,0,0,0,0,0,0,0,0,0,0,0,0,0.0,0,0,0,0,0,0,0,0,0,0,0.0,0,-0.001475681,0,0,0,0.0,0,0,0,0.0,0,0,0,0,0,0,0,0,0,0,0,0,-2.38e-05,0,0,0,0.0,0,0,0,0,0,0.0,-0.001708298,0,0.0,0,0.0,0,0,-2.38e-05,1.926972876,0,0,0,0,0,0,0,0.0,0.0,0,0.0,0,0.0,0,0,0,0,0,0,0,0,-2.38e-05,0.0,0.0,0.0,0,0,0,0.0,0,0,0,0.0,0.0,0.0,0,0,-0.038168103,0,0.0,0.0,0,0.0,-0.323135609,-2.38e-05,0.0,-2.38e-05,0.018373756,0,0.0,0,-1.65e-05,0,0,0,0.0,-2.38e-05,0.0,0,0,-4.75e-05,0,0.0,0,0,0,0.0,0.0,0,0,0.0,0,0,0,0,0.0,-0.017638135,0,0,0.0,0.0,0.0,0,0,0.0,0,0.0,0.0,0,0,0,-3.855103758,0.0,0,0,0.0,-2.38e-05,0.0,0,0.0,0,0,0.007676821,0.007676821,0.007676821,0,0,0.0,0,0.230698083,0,0.0,0,0,0.0,0,-0.004288883,0,0,0,0,0,0,0.0,0.0,0.0,0,0,0.0,0,0,0,0,0,0,0
123,90,0,0,0,0,0,-0.204833195,0,0,0,0,0,-2.41e-05,0,0,0.0,0.007783494,0.0,0,0,0,0.0,0,0.0,0.0,0,0,0,0,0,0,0,0,0,0,0,0,0,0,0,0.0,0,0,0,0,0,0,0,0,0,0,0.0,0,-0.001496187,0,0,0,0.0,0,0,0,0.0,0,0,0,0,0,0,0,0,0,0,0,0,-2.41e-05,0,0,0,0.0,0,0,0,0,0,0.0,-0.001732036,0,0.0,0,0.0,0,0,-2.41e-05,1.960055888,0,0,0,0,0,0,0,0.0,0.0,0,0.0,0,0.0,0,0,0,0,0,0,0,0,-2.41e-05,0.0,0.0,0.0,0,0,0,0.0,0,0,0,0.0,0.0,0.0,0,0,-0.038709292,0,0.0,0.0,0,0.0,-0.332354532,-2.41e-05,0.0,-2.41e-05,0.01863448,0,0.0,0,-1.66e-05,0,0,0,0.0,-2.41e-05,0.0,0,0,-4.82e-05,0,0.0,0,0,0,0.0,0.0,0,0,0.0,0,0,0,0,0.0,-0.016305181,0,0,0.0,0.0,0.0,0,0,0.0,0,0.0,0.0,0,0,0,-3.932305017,0.0,0,0,0.0,-2.41e-05,0.0,0,0.0,0,0,0.007783494,0.007783494,0.007783494,0,0,0.0,0,0.233898293,0,0.0,0,0,0.0,0,-0.00434848,0,0,0,0,0,0,0.0,0.0,0.0,0,0,0.0,0,0,0,0,0,0,0
150,91,0,0,0,0,0,-0.208706121,0,0,0,0,0,-2.45e-05,0,0,0.0,0.007908239,0.0,0,0,0,0.0,0,0.0,0.0,0,0,0,0,0,0,0,0,0,0,0,0,0,0,0,0.0,0,0,0,0,0,0,0,0,0,0,0.0,0,-0.001520166,0,0,0,0.0,0,0,0,0.0,0,0,0,0,0,0,0,0,0,0,0,0,-2.45e-05,0,0,0,0.0,0,0,0,0,0,0.0,-0.001759795,0,0.0,0,0.0,0,0,-2.45e-05,1.996183802,0,0,0,0,0,0,0,0.0,0.0,0,0.0,0,0.0,0,0,0,0,0,0,0,0,-2.45e-05,0.0,0.0,0.0,0,0,0,0.0,0,0,0,0.0,0.0,0.0,0,0,-0.039342161,0,0.0,0.0,0,0.0,-0.341215794,-2.45e-05,0.0,-2.45e-05,0.018939372,0,0.0,0,-1.65e-05,0,0,0,0.0,-2.45e-05,0.0,0,0,-4.9e-05,0,0.0,0,0,0,0.0,0.0,0,0,0.0,0,0,0,0,0.0,-0.015386313,0,0,0.0,0.0,0.0,0,0,0.0,0,0.0,0.0,0,0,0,-4.012986523,0.0,0,0,0.0,-2.45e-05,0.0,0,0.0,0,0,0.007908239,0.007908239,0.007908239,0,0,0.0,0,0.23764064,0,0.0,0,0,0.0,0,-0.004418172,0,0,0,0,0,0,0.0,0.0,0.0,0,0,0.0,0,0,0,0,0,0,0
177,92,0,0,0,0,0,-0.212787279,0,0,0,0,0,-2.49e-05,0,0,0.0,0.00804636,0.0,0,0,0,0.0,0,0.0,0.0,0,0,0,0,0,0,0,0,0,0,0,0,0,0,0,0.0,0,0,0,0,0,0,0,0,0,0,0.0,0,-0.001546716,0,0,0,0.0,0,0,0,0.0,0,0,0,0,0,0,0,0,0,0,0,0,-2.49e-05,0,0,0,0.0,0,0,0,0,0,0.0,-0.001790531,0,0.0,0,0.0,0,0,-2.49e-05,2.034529197,0,0,0,0,0,0,0,0.0,0.0,0,0.0,0,0.0,0,0,0,0,0,0,0,0,-2.49e-05,0.0,0.0,0.0,0,0,0,0.0,0,0,0,0.0,0.0,0.0,0,0,-0.040042892,0,0.0,0.0,0,0.0,-0.349784072,-2.49e-05,0.0,-2.49e-05,0.019276958,0,0.0,0,-1.72e-05,0,0,0,0.0,-2.49e-05,0.0,0,0,-4.98e-05,0,0.0,0,0,0,0.0,0.0,0,0,0.0,0,0,0,0,0.0,-0.014783018,0,0,0.0,0.0,0.0,0,0,0.0,0,0.0,0.0,0,0,0,-4.096106902,0.0,0,0,0.0,-2.49e-05,0.0,0,0.0,0,0,0.00804636,0.00804636,0.00804636,0,0,0.0,0,0.241784268,0,0.0,0,0,0.0,0,-0.004495337,0,0,0,0,0,0,0.0,0.0,0.0,0,0,0.0,0,0,0,0,0,0,0
204,93,0,0,0,0,0,-0.217011055,0,0,0,0,0,-2.54e-05,0,0,0.0,0.008194046,0.0,0,0,0,0.0,0,0.0,0.0,0,0,0,0,0,0,0,0,0,0,0,0,0,0,0,0.0,0,0,0,0,0,0,0,0,0,0,0.0,0,-0.001575105,0,0,0,0.0,0,0,0,0.0,0,0,0,0,0,0,0,0,0,0,0,0,-2.54e-05,0,0,0,0.0,0,0,0,0,0,0.0,-0.001823395,0,0.0,0,0.0,0,0,-2.54e-05,2.074409978,0,0,0,0,0,0,0,0.0,0.0,0,0.0,0,0.0,0,0,0,0,0,0,0,0,-2.54e-05,0.0,0.0,0.0,0,0,0,0.0,0,0,0,0.0,0.0,0.0,0,0,-0.040792146,0,0.0,0.0,0,0.0,-0.358106983,-2.54e-05,0.0,-2.54e-05,0.019637921,0,0.0,0,-1.67e-05,0,0,0,0.0,-2.54e-05,0.0,0,0,-5.07e-05,0,0.0,0,0,0,0.0,0.0,0,0,0.0,0,0,0,0,0.0,-0.014417925,0,0,0.0,0.0,0.0,0,0,0.0,0,0.0,0.0,0,0,0,-4.180784678,0.0,0,0,0.0,-2.54e-05,0.0,0,0.0,0,0,0.008194046,0.008194046,0.008194046,0,0,0.0,0,0.24621483,0,0.0,0,0,0.0,0,-0.004577846,0,0,0,0,0,0,0.0,0.0,0.0,0,0,0.0,0,0,0,0,0,0,0
218,94,0,0,0,0,0,-0.221323986,0,0,0,0,0,-2.59e-05,0,0,0.0,0.00834824,0.0,0,0,0,0.0,0,0.0,0.0,0,0,0,0,0,0,0,0,0,0,0,0,0,0,0,0.0,0,0,0,0,0,0,0,0,0,0,0.0,0,-0.001604745,0,0,0,0.0,0,0,0,0.0,0,0,0,0,0,0,0,0,0,0,0,0,-2.59e-05,0,0,0,0.0,0,0,0,0,0,0.0,-0.001857707,0,0.0,0,0.0,0,0,-2.59e-05,2.115272431,0,0,0,0,0,0,0,0.0,0.0,0,0.0,0,0.0,0,0,0,0,0,0,0,0,-2.59e-05,0.0,0.0,0.0,0,0,0,0.0,0,0,0,0.0,0.0,0.0,0,0,-0.041574421,0,0.0,0.0,0,0.0,-0.36621434,-2.59e-05,0.0,-2.59e-05,0.020014792,0,0.0,0,-1.66e-05,0,0,0,0.0,-2.59e-05,0.0,0,0,-5.17e-05,0,0.0,0,0,0,0.0,0.0,0,0,0.0,0,0,0,0,0.0,-0.014230741,0,0,0.0,0.0,0.0,0,0,0.0,0,0.0,0.0,0,0,0,-4.266284097,0.0,0,0,0.0,-2.59e-05,0.0,0,0.0,0,0,0.00834824,0.00834824,0.00834824,0,0,0.0,0,0.25084066,0,0.0,0,0,0.0,0,-0.004663991,0,0,0,0,0,0,0.0,0.0,0.0,0,0,0.0,0,0,0,0,0,0,0
232,95,0,0,0,0,0,-0.225682139,0,0,0,0,0,-2.63e-05,0,0,0.0,0.008506477,0.0,0,0,0,0.0,0,0.0,0.0,0,0,0,0,0,0,0,0,0,0,0,0,0,0,0,0.0,0,0,0,0,0,0,0,0,0,0,0.0,0,-0.001635163,0,0,0,0.0,0,0,0,0.0,0,0,0,0,0,0,0,0,0,0,0,0,-2.63e-05,0,0,0,0.0,0,0,0,0,0,0.0,-0.001892919,0,0.0,0,0.0,0,0,-2.63e-05,2.156663398,0,0,0,0,0,0,0,0.0,0.0,0,0.0,0,0.0,0,0,0,0,0,0,0,0,-2.63e-05,0.0,0.0,0.0,0,0,0,0.0,0,0,0,0.0,0.0,0.0,0,0,-0.042377209,0,0.0,0.0,0,0.0,-0.374126964,-2.63e-05,0.0,-2.63e-05,0.020401544,0,0.0,0,-1.65e-05,0,0,0,0.0,-2.63e-05,0.0,0,0,-5.27e-05,0,0.0,0,0,0,0.0,0.0,0,0,0.0,0,0,0,0,0.0,-0.014174381,0,0,0.0,0.0,0.0,0,0,0.0,0,0.0,0.0,0,0,0,-4.35198927,0.0,0,0,0.0,-2.63e-05,0.0,0,0.0,0,0,0.008506477,0.008506477,0.008506477,0,0,0.0,0,0.255587783,0,0.0,0,0,0.0,0,-0.004752395,0,0,0,0,0,0,0.0,0.0,0.0,0,0,0.0,0,0,0,0,0,0,0
246,96,0,0,0,0,0,-0.230020878,0,0,0,0,0,-2.68e-05,0,0,0.0,0.008665752,0.0,0,0,0,0.0,0,0.0,0.0,0,0,0,0,0,0,0,0,0,0,0,0,0,0,0,0.0,0,0,0,0,0,0,0,0,0,0,0.0,0,-0.001665779,0,0,0,0.0,0,0,0,0.0,0,0,0,0,0,0,0,0,0,0,0,0,-2.68e-05,0,0,0,0.0,0,0,0,0,0,0.0,-0.001928362,0,0.0,0,0.0,0,0,-2.68e-05,2.198050876,0,0,0,0,0,0,0,0.0,0.0,0,0.0,0,0.0,0,0,0,0,0,0,0,0,-2.68e-05,0.0,0.0,0.0,0,0,0,0.0,0,0,0,0.0,0.0,0.0,0,0,-0.043185257,0,0.0,0.0,0,0.0,-0.381858078,-2.68e-05,0.0,-2.68e-05,0.020790832,0,0.0,0,-1.65e-05,0,0,0,0.0,-2.68e-05,0.0,0,0,-5.37e-05,0,0.0,0,0,0,0.0,0.0,0,0,0.0,0,0,0,0,0.0,-0.014213606,0,0,0.0,0.0,0.0,0,0,0.0,0,0.0,0.0,0,0,0,-4.437253024,0.0,0,0,0.0,-2.68e-05,0.0,0,0.0,0,0,0.008665752,0.008665752,0.008665752,0,0,0.0,0,0.260420545,0,0.0,0,0,0.0,0,-0.004841379,0,0,0,0,0,0,0.0,0.0,0.0,0,0,0.0,0,0,0,0,0,0,0
260,97,0,0,0,0,0,-0.23437955,0,0,0,0,0,-2.73e-05,0,0,0.0,0.008827026,0.0,0,0,0,0.0,0,0.0,0.0,0,0,0,0,0,0,0,0,0,0,0,0,0,0,0,0.0,0,0,0,0,0,0,0,0,0,0,0.0,0,-0.00169678,0,0,0,0.0,0,0,0,0.0,0,0,0,0,0,0,0,0,0,0,0,0,-2.73e-05,0,0,0,0.0,0,0,0,0,0,0.0,-0.00196425,0,0.0,0,0.0,0,0,-2.73e-05,2.239571236,0,0,0,0,0,0,0,0.0,0.0,0,0.0,0,0.0,0,0,0,0,0,0,0,0,-2.73e-05,0.0,0.0,0.0,0,0,0,0.0,0,0,0,0.0,0.0,0.0,0,0,-0.044003452,0,0.0,0.0,0,0.0,-0.389423762,-2.73e-05,0.0,-2.73e-05,0.021185008,0,0.0,0,-1.65e-05,0,0,0,0.0,-2.73e-05,0.0,0,0,-5.47e-05,0,0.0,0,0,0,0.0,0.0,0,0,0.0,0,0,0,0,0.0,-0.014322417,0,0,0.0,0.0,0.0,0,0,0.0,0,0.0,0.0,0,0,0,-4.522109273,0.0,0,0,0.0,-2.73e-05,0.0,0,0.0,0,0,0.008827026,0.008827026,0.008827026,0,0,0.0,0,0.265258778,0,0.0,0,0,0.0,0,-0.00493148,0,0,0,0,0,0,0.0,0.0,0.0,0,0,0.0,0,0,0,0,0,0,0
274,98,0,0,0,0,0,-0.238715341,0,0,0,0,0,-2.78e-05,0,0,0.0,0.008988415,0.0,0,0,0,0.0,0,0.0,0.0,0,0,0,0,0,0,0,0,0,0,0,0,0,0,0,0.0,0,0,0,0,0,0,0,0,0,0,0.0,0,-0.001727803,0,0,0,0.0,0,0,0,0.0,0,0,0,0,0,0,0,0,0,0,0,0,-2.78e-05,0,0,0,0.0,0,0,0,0,0,0.0,-0.002000163,0,0.0,0,0.0,0,0,-2.78e-05,2.280913261,0,0,0,0,0,0,0,0.0,0.0,0,0.0,0,0.0,0,0,0,0,0,0,0,0,-2.78e-05,0.0,0.0,0.0,0,0,0,0.0,0,0,0,0.0,0.0,0.0,0,0,-0.044822227,0,0.0,0.0,0,0.0,-0.39683902,-2.78e-05,0.0,-2.78e-05,0.021579462,0,0.0,0,-1.65e-05,0,0,0,0.0,-2.78e-05,0.0,0,0,-5.57e-05,0,0.0,0,0,0,0.0,0.0,0,0,0.0,0,0,0,0,0.0,-0.014483231,0,0,0.0,0.0,0.0,0,0,0.0,0,0.0,0.0,0,0,0,-4.606246661,0.0,0,0,0.0,-2.78e-05,0.0,0,0.0,0,0,0.008988415,0.008988415,0.008988415,0,0,0.0,0,0.270100432,0,0.0,0,0,0.0,0,-0.005021644,0,0,0,0,0,0,0.0,0.0,0.0,0,0,0.0,0,0,0,0,0,0,0
288,99,0,0,0,0,0,-0.2430252,0,0,0,0,0,-2.83e-05,0,0,0.0,0.009149597,0.0,0,0,0,0.0,0,0.0,0.0,0,0,0,0,0,0,0,0,0,0,0,0,0,0,0,0.0,0,0,0,0,0,0,0,0,0,0,0.0,0,-0.001758787,0,0,0,0.0,0,0,0,0.0,0,0,0,0,0,0,0,0,0,0,0,0,-2.83e-05,0,0,0,0.0,0,0,0,0,0,0.0,-0.002036031,0,0.0,0,0.0,0,0,-2.83e-05,2.322039321,0,0,0,0,0,0,0,0.0,0.0,0,0.0,0,0.0,0,0,0,0,0,0,0,0,-2.83e-05,0.0,0.0,0.0,0,0,0,0.0,0,0,0,0.0,0.0,0.0,0,0,-0.045639954,0,0.0,0.0,0,0.0,-0.404122442,-2.83e-05,0.0,-2.83e-05,0.021973413,0,0.0,0,-1.66e-05,0,0,0,0.0,-2.83e-05,0.0,0,0,-5.67e-05,0,0.0,0,0,0,0.0,0.0,0,0,0.0,0,0,0,0,0.0,-0.014684626,0,0,0.0,0.0,0.0,0,0,0.0,0,0.0,0.0,0,0,0,-4.689664749,0.0,0,0,0.0,-2.83e-05,0.0,0,0.0,0,0,0.009149597,0.009149597,0.009149597,0,0,0.0,0,0.274935902,0,0.0,0,0,0.0,0,-0.005111693,0,0,0,0,0,0,0.0,0.0,0.0,0,0,0.0,0,0,0,0,0,0,0
1373,100,0,0,0,0,0,-0.2473215,0,0,0,0,0,-2.88e-05,0,0,0.0,0.009310857,0.0,0,0,0,0.0,0,0.0,0.0,0,0,0,0,0,0,0,0,0,0,0,0,0,0,0,0.0,0,0,0,0,0,0,0,0,0,0,0.0,0,-0.001789785,0,0,0,0.0,0,0,0,0.0,0,0,0,0,0,0,0,0,0,0,0,0,-2.88e-05,0,0,0,0.0,0,0,0,0,0,0.0,-0.002071915,0,0.0,0,0.0,0,0,-2.88e-05,2.363060125,0,0,0,0,0,0,0,0.0,0.0,0,0.0,0,0.0,0,0,0,0,0,0,0,0,-2.88e-05,0.0,0.0,0.0,0,0,0,0.0,0,0,0,0.0,0.0,0.0,0,0,-0.046458078,0,0.0,0.0,0,0.0,-0.411314743,-2.88e-05,0.0,-2.88e-05,0.022367554,0,0.0,0,-1.73e-05,0,0,0,0.0,-2.88e-05,0.0,0,0,-5.77e-05,0,0.0,0,0,0,0.0,0.0,0,0,0.0,0,0,0,0,0.0,-0.014917414,0,0,0.0,0.0,0.0,0,0,0.0,0,0.0,0.0,0,0,0,-4.77265306,0.0,0,0,0.0,-2.88e-05,0.0,0,0.0,0,0,0.009310857,0.009310857,0.009310857,0,0,0.0,0,0.279773714,0,0.0,0,0,0.0,0,-0.005201786,0,0,0,0,0,0,0.0,0.0,0.0,0,0,0.0,0,0,0,0,0,0,0
1387,101,0,0,0,0,0,-0.251602711,0,0,0,0,0,-2.93e-05,0,0,0.0,0.009471993,0.0,0,0,0,0.0,0,0.0,0.0,0,0,0,0,0,0,0,0,0,0,0,0,0,0,0,0.0,0,0,0,0,0,0,0,0,0,0,0.0,0,-0.001820759,0,0,0,0.0,0,0,0,0.0,0,0,0,0,0,0,0,0,0,0,0,0,-2.93e-05,0,0,0,0.0,0,0,0,0,0,0.0,-0.002107772,0,0.0,0,0.0,0,0,-2.93e-05,2.403955073,0,0,0,0,0,0,0,0.0,0.0,0,0.0,0,0.0,0,0,0,0,0,0,0,0,-2.93e-05,0.0,0.0,0.0,0,0,0,0.0,0,0,0,0.0,0.0,0.0,0,0,-0.047275568,0,0.0,0.0,0,0.0,-0.418431455,-2.93e-05,0.0,-2.93e-05,0.02276139,0,0.0,0,-1.76e-05,0,0,0,0.0,-2.93e-05,0.0,0,0,-5.87e-05,0,0.0,0,0,0,0.0,0.0,0,0,0.0,0,0,0,0,0.0,-0.015173537,0,0,0.0,0.0,0.0,0,0,0.0,0,0.0,0.0,0,0,0,-4.855224848,0.0,0,0,0.0,-2.93e-05,0.0,0,0.0,0,0,0.009471993,0.009471993,0.009471993,0,0,0.0,0,0.284607776,0,0.0,0,0,0.0,0,-0.005291809,0,0,0,0,0,0,0.0,0.0,0.0,0,0,0.0,0,0,0,0,0,0,0
1401,102,0,0,0,0,0,-0.255867497,0,0,0,0,0,-2.98e-05,0,0,0.0,0.00963285,0.0,0,0,0,0.0,0,0.0,0.0,0,0,0,0,0,0,0,0,0,0,0,0,0,0,0,0.0,0,0,0,0,0,0,0,0,0,0,0.0,0,-0.00185168,0,0,0,0.0,0,0,0,0.0,0,0,0,0,0,0,0,0,0,0,0,0,-2.98e-05,0,0,0,0.0,0,0,0,0,0,0.0,-0.002143568,0,0.0,0,0.0,0,0,-2.98e-05,2.444707154,0,0,0,0,0,0,0,0.0,0.0,0,0.0,0,0.0,0,0,0,0,0,0,0,0,-2.98e-05,0.0,0.0,0.0,0,0,0,0.0,0,0,0,0.0,0.0,0.0,0,0,-0.048091648,0,0.0,0.0,0,0.0,-0.425481807,-2.98e-05,0.0,-2.98e-05,0.023154547,0,0.0,0,-1.77e-05,0,0,0,0.0,-2.98e-05,0.0,0,0,-5.97e-05,0,0.0,0,0,0,0.0,0.0,0,0,0.0,0,0,0,0,0.0,-0.015447301,0,0,0.0,0.0,0.0,0,0,0.0,0,0.0,0.0,0,0,0,-4.93738314,0.0,0,0,0.0,-2.98e-05,0.0,0,0.0,0,0,0.00963285,0.00963285,0.00963285,0,0,0.0,0,0.289433501,0,0.0,0,0,0.0,0,-0.005381677,0,0,0,0,0,0,0.0,0.0,0.0,0,0,0.0,0,0,0,0,0,0,0
1415,103,0,0,0,0,0,-0.260116458,0,0,0,0,0,-3.03e-05,0,0,0.0,0.009793384,0.0,0,0,0,0.0,0,0.0,0.0,0,0,0,0,0,0,0,0,0,0,0,0,0,0,0,0.0,0,0,0,0,0,0,0,0,0,0,0.0,0,-0.001882539,0,0,0,0.0,0,0,0,0.0,0,0,0,0,0,0,0,0,0,0,0,0,-3.03e-05,0,0,0,0.0,0,0,0,0,0,0.0,-0.00217929,0,0.0,0,0.0,0,0,-3.03e-05,2.485319264,0,0,0,0,0,0,0,0.0,0.0,0,0.0,0,0.0,0,0,0,0,0,0,0,0,-3.03e-05,0.0,0.0,0.0,0,0,0,0.0,0,0,0,0.0,0.0,0.0,0,0,-0.048906082,0,0.0,0.0,0,0.0,-0.432474625,-3.03e-05,0.0,-3.03e-05,0.023546911,0,0.0,0,-1.77e-05,0,0,0,0.0,-3.03e-05,0.0,0,0,-6.06e-05,0,0.0,0,0,0,0.0,0.0,0,0,0.0,0,0,0,0,0.0,-0.015734971,0,0,0.0,0.0,0.0,0,0,0.0,0,0.0,0.0,0,0,0,-5.019159015,0.0,0,0,0.0,-3.03e-05,0.0,0,0.0,0,0,0.009793384,0.009793384,0.009793384,0,0,0.0,0,0.294249498,0,0.0,0,0,0.0,0,-0.005471364,0,0,0,0,0,0,0.0,0.0,0.0,0,0,0.0,0,0,0,0,0,0,0
1429,104,0,0,0,0,0,-0.264352145,0,0,0,0,0,-3.08e-05,0,0,0.0,0.009953644,0.0,0,0,0,0.0,0,0.0,0.0,0,0,0,0,0,0,0,0,0,0,0,0,0,0,0,0.0,0,0,0,0,0,0,0,0,0,0,0.0,0,-0.001913345,0,0,0,0.0,0,0,0,0.0,0,0,0,0,0,0,0,0,0,0,0,0,-3.08e-05,0,0,0,0.0,0,0,0,0,0,0.0,-0.002214953,0,0.0,0,0.0,0,0,-3.08e-05,2.525813923,0,0,0,0,0,0,0,0.0,0.0,0,0.0,0,0.0,0,0,0,0,0,0,0,0,-3.08e-05,0.0,0.0,0.0,0,0,0,0.0,0,0,0,0.0,0.0,0.0,0,0,-0.049719133,0,0.0,0.0,0,0.0,-0.439419271,-3.08e-05,0.0,-3.08e-05,0.023938608,0,0.0,0,-1.77e-05,0,0,0,0.0,-3.08e-05,0.0,0,0,-6.16e-05,0,0.0,0,0,0,0.0,0.0,0,0,0.0,0,0,0,0,0.0,-0.01603425,0,0,0.0,0.0,0.0,0,0,0.0,0,0.0,0.0,0,0,0,-5.100614376,0.0,0,0,0.0,-3.08e-05,0.0,0,0.0,0,0,0.009953644,0.009953644,0.009953644,0,0,0.0,0,0.299057307,0,0.0,0,0,0.0,0,-0.005560898,0,0,0,0,0,0,0.0,0.0,0.0,0,0,0.0,0,0,0,0,0,0,0
1443,105,0,0,0,0,0,-0.268577691,0,0,0,0,0,-3.13e-05,0,0,0.0,0.010113724,0.0,0,0,0,0.0,0,0.0,0.0,0,0,0,0,0,0,0,0,0,0,0,0,0,0,0,0.0,0,0,0,0,0,0,0,0,0,0,0.0,0,-0.001944117,0,0,0,0.0,0,0,0,0.0,0,0,0,0,0,0,0,0,0,0,0,0,-3.13e-05,0,0,0,0.0,0,0,0,0,0,0.0,-0.002250575,0,0.0,0,0.0,0,0,-3.13e-05,2.566220014,0,0,0,0,0,0,0,0.0,0.0,0,0.0,0,0.0,0,0,0,0,0,0,0,0,-3.13e-05,0.0,0.0,0.0,0,0,0,0.0,0,0,0,0.0,0.0,0.0,0,0,-0.050531268,0,0.0,0.0,0,0.0,-0.446323882,-3.13e-05,0.0,-3.13e-05,0.024329864,0,0.0,0,-1.77e-05,0,0,0,0.0,-3.13e-05,0.0,0,0,-6.26e-05,0,0.0,0,0,0,0.0,0.0,0,0,0.0,0,0,0,0,0.0,-0.016343932,0,0,0.0,0.0,0.0,0,0,0.0,0,0.0,0.0,0,0,0,-5.181816902,0.0,0,0,0.0,-3.13e-05,0.0,0,0.0,0,0,0.010113724,0.010113724,0.010113724,0,0,0.0,0,0.3038597,0,0.0,0,0,0.0,0,-0.005650331,0,0,0,0,0,0,0.0,0.0,0.0,0,0,0.0,0,0,0,0,0,0,0
1457,106,0,0,0,0,0,-0.272795206,0,0,0,0,0,-3.18e-05,0,0,0.0,0.010273698,0.0,0,0,0,0.0,0,0.0,0.0,0,0,0,0,0,0,0,0,0,0,0,0,0,0,0,0.0,0,0,0,0,0,0,0,0,0,0,0.0,0,-0.001974868,0,0,0,0.0,0,0,0,0.0,0,0,0,0,0,0,0,0,0,0,0,0,-3.18e-05,0,0,0,0.0,0,0,0,0,0,0.0,-0.002286173,0,0.0,0,0.0,0,0,-3.18e-05,2.606557518,0,0,0,0,0,0,0,0.0,0.0,0,0.0,0,0.0,0,0,0,0,0,0,0,0,-3.18e-05,0.0,0.0,0.0,0,0,0,0.0,0,0,0,0.0,0.0,0.0,0,0,-0.051342869,0,0.0,0.0,0,0.0,-0.453192415,-3.18e-05,0.0,-3.18e-05,0.024720863,0,0.0,0,-1.77e-05,0,0,0,0.0,-3.18e-05,0.0,0,0,-6.36e-05,0,0.0,0,0,0,0.0,0.0,0,0,0.0,0,0,0,0,0.0,-0.016663927,0,0,0.0,0.0,0.0,0,0,0.0,0,0.0,0.0,0,0,0,-5.262808387,0.0,0,0,0.0,-3.18e-05,0.0,0,0.0,0,0,0.010273698,0.010273698,0.010273698,0,0,0.0,0,0.308658942,0,0.0,0,0,0.0,0,-0.005739706,0,0,0,0,0,0,0.0,0.0,0.0,0,0,0.0,0,0,0,0,0,0,0
1484,107,0,0,0,0,0,-0.275780933,0,0,0,0,0,-3.21e-05,0,0,0.0,0.010369858,0.0,0,0,0,0.0,0,0.0,0.0,0,0,0,0,0,0,0,0,0,0,0,0,0,0,0,0.0,0,0,0,0,0,0,0,0,0,0,0.0,0,-0.001993352,0,0,0,0.0,0,0,0,0.0,0,0,0,0,0,0,0,0,0,0,0,0,-3.21e-05,0,0,0,0.0,0,0,0,0,0,0.0,-0.002307572,0,0.0,0,0.0,0,0,-3.21e-05,2.634408994,0,0,0,0,0,0,0,0.0,0.0,0,0.0,0,0.0,0,0,0,0,0,0,0,0,-3.21e-05,0.0,0.0,0.0,0,0,0,0.0,0,0,0,0.0,0.0,0.0,0,0,-0.051830718,0,0.0,0.0,0,0.0,-0.460024653,-3.21e-05,0.0,-3.21e-05,0.02495589,0,0.0,0,-1.77e-05,0,0,0,0.0,-3.21e-05,0.0,0,0,-6.42e-05,0,0.0,0,0,0,0.0,0.0,0,0,0.0,0,0,0,0,0.0,-0.015955075,0,0,0.0,0.0,0.0,0,0,0.0,0,0.0,0.0,0,0,0,-5.325009968,0.0,0,0,0.0,-3.21e-05,0.0,0,0.0,0,0,0.010369858,0.010369858,0.010369858,0,0,0.0,0,0.311543743,0,0.0,0,0,0.0,0,-0.005793428,0,0,0,0,0,0,0.0,0.0,0.0,0,0,0.0,0,0,0,0,0,0,0
1511,108,0,0,0,0,0,-0.278082836,0,0,0,0,0,-3.23e-05,0,0,0.0,0.010431116,0.0,0,0,0,0.0,0,0.0,0.0,0,0,0,0,0,0,0,0,0,0,0,0,0,0,0,0.0,0,0,0,0,0,0,0,0,0,0,0.0,0,-0.002005128,0,0,0,0.0,0,0,0,0.0,0,0,0,0,0,0,0,0,0,0,0,0,-3.23e-05,0,0,0,0.0,0,0,0,0,0,0.0,-0.002321203,0,0.0,0,0.0,0,0,-3.23e-05,2.655350497,0,0,0,0,0,0,0,0.0,0.0,0,0.0,0,0.0,0,0,0,0,0,0,0,0,-3.23e-05,0.0,0.0,0.0,0,0,0,0.0,0,0,0,0.0,0.0,0.0,0,0,-0.052141497,0,0.0,0.0,0,0.0,-0.466776328,-3.23e-05,0.0,-3.23e-05,0.025105612,0,0.0,0,-1.77e-05,0,0,0,0.0,-3.23e-05,0.0,0,0,-6.46e-05,0,0.0,0,0,0,0.0,0.0,0,0,0.0,0,0,0,0,0.0,-0.014703751,0,0,0.0,0.0,0.0,0,0,0.0,0,0.0,0.0,0,0,0,-5.376631154,0.0,0,0,0.0,-3.23e-05,0.0,0,0.0,0,0,0.010431116,0.010431116,0.010431116,0,0,0.0,0,0.313381473,0,0.0,0,0,0.0,0,-0.005827652,0,0,0,0,0,0,0.0,0.0,0.0,0,0,0.0,0,0,0,0,0,0,0
1538,109,0,0,0,0,0,-0.280437053,0,0,0,0,0,-3.25e-05,0,0,0.0,0.010495966,0.0,0,0,0,0.0,0,0.0,0.0,0,0,0,0,0,0,0,0,0,0,0,0,0,0,0,0.0,0,0,0,0,0,0,0,0,0,0,0.0,0,-0.002017593,0,0,0,0.0,0,0,0,0.0,0,0,0,0,0,0,0,0,0,0,0,0,-3.25e-05,0,0,0,0.0,0,0,0,0,0,0.0,-0.002335634,0,0.0,0,0.0,0,0,-3.25e-05,2.676858647,0,0,0,0,0,0,0,0.0,0.0,0,0.0,0,0.0,0,0,0,0,0,0,0,0,-3.25e-05,0.0,0.0,0.0,0,0,0,0.0,0,0,0,0.0,0.0,0.0,0,0,-0.0524705,0,0.0,0.0,0,0.0,-0.473427912,-3.25e-05,0.0,-3.25e-05,0.025264113,0,0.0,0,-1.77e-05,0,0,0,0.0,-3.25e-05,0.0,0,0,-6.5e-05,0,0.0,0,0,0,0.0,0.0,0,0,0.0,0,0,0,0,0.0,-0.013544386,0,0,0.0,0.0,0.0,0,0,0.0,0,0.0,0.0,0,0,0,-5.428799331,0.0,0,0,0.0,-3.25e-05,0.0,0,0.0,0,0,0.010495966,0.010495966,0.010495966,0,0,0.0,0,0.315326966,0,0.0,0,0,0.0,0,-0.005863882,0,0,0,0,0,0,0.0,0.0,0.0,0,0,0.0,0,0,0,0,0,0,0
32,110,0,0,0,0,0,-0.283800097,0,0,0,0,0,-3.29e-05,0,0,0.0,0.01061404,0.0,0,0,0,0.0,0,0.0,0.0,0,0,0,0,0,0,0,0,0,0,0,0,0,0,0,0.0,0,0,0,0,0,0,0,0,0,0,0.0,0,-0.00204029,0,0,0,0.0,0,0,0,0.0,0,0,0,0,0,0,0,0,0,0,0,0,-3.29e-05,0,0,0,0.0,0,0,0,0,0,0.0,-0.002361908,0,0.0,0,0.0,0,0,-3.29e-05,2.708632391,0,0,0,0,0,0,0,0.0,0.0,0,0.0,0,0.0,0,0,0,0,0,0,0,0,-3.29e-05,0.0,0.0,0.0,0,0,0,0.0,0,0,0,0.0,0.0,0.0,0,0,-0.053069526,0,0.0,0.0,0,0.0,-0.479998566,-3.29e-05,0.0,-3.29e-05,0.025552701,0,0.0,0,-1.77e-05,0,0,0,0.0,-3.29e-05,0.0,0,0,-6.57e-05,0,0.0,0,0,0,0.0,0.0,0,0,0.0,0,0,0,0,0.0,-0.01328019,0,0,0.0,0.0,0.0,0,0,0.0,0,0.0,0.0,0,0,0,-5.496083051,0.0,0,0,0.0,-3.29e-05,0.0,0,0.0,0,0,0.01061404,0.01061404,0.01061404,0,0,0.0,0,0.318869182,0,0.0,0,0,0.0,0,-0.005929848,0,0,0,0,0,0,0.0,0.0,0.0,0,0,0.0,0,0,0,0,0,0,0
45,111,0,0,0,0,0,-0.287570664,0,0,0,0,0,-3.33e-05,0,0,0.0,0.010753456,0.0,0,0,0,0.0,0,0.0,0.0,0,0,0,0,0,0,0,0,0,0,0,0,0,0,0,0.0,0,0,0,0,0,0,0,0,0,0,0.0,0,-0.002067089,0,0,0,0.0,0,0,0,0.0,0,0,0,0,0,0,0,0,0,0,0,0,-3.33e-05,0,0,0,0.0,0,0,0,0,0,0.0,-0.002392932,0,0.0,0,0.0,0,0,-3.33e-05,2.744546476,0,0,0,0,0,0,0,0.0,0.0,0,0.0,0,0.0,0,0,0,0,0,0,0,0,-3.33e-05,0.0,0.0,0.0,0,0,0,0.0,0,0,0,0.0,0.0,0.0,0,0,-0.053776827,0,0.0,0.0,0,0.0,-0.486554725,-3.33e-05,0.0,-3.33e-05,0.025893452,0,0.0,0,-1.77e-05,0,0,0,0.0,-3.33e-05,0.0,0,0,-6.66e-05,0,0.0,0,0,0,0.0,0.0,0,0,0.0,0,0,0,0,0.0,-0.013368964,0,0,0.0,0.0,0.0,0,0,0.0,0,0.0,0.0,0,0,0,-5.569517731,0.0,0,0,0.0,-3.33e-05,0.0,0,0.0,0,0,0.010753456,0.010753456,0.010753456,0,0,0.0,0,0.323051667,0,0.0,0,0,0.0,0,-0.006007737,0,0,0,0,0,0,0.0,0.0,0.0,0,0,0.0,0,0,0,0,0,0,0
58,112,0,0,0,0,0,-0.291515931,0,0,0,0,0,-3.38e-05,0,0,0.0,0.010901814,0.0,0,0,0,0.0,0,0.0,0.0,0,0,0,0,0,0,0,0,0,0,0,0,0,0,0,0.0,0,0,0,0,0,0,0,0,0,0,0.0,0,-0.002095608,0,0,0,0.0,0,0,0,0.0,0,0,0,0,0,0,0,0,0,0,0,0,-3.38e-05,0,0,0,0.0,0,0,0,0,0,0.0,-0.002425946,0,0.0,0,0.0,0,0,-3.38e-05,2.78222692,0,0,0,0,0,0,0,0.0,0.0,0,0.0,0,0.0,0,0,0,0,0,0,0,0,-3.38e-05,0.0,0.0,0.0,0,0,0,0.0,0,0,0,0.0,0.0,0.0,0,0,-0.054529492,0,0.0,0.0,0,0.0,-0.493128603,-3.38e-05,0.0,-3.38e-05,0.026256058,0,0.0,0,-1.77e-05,0,0,0,0.0,-3.38e-05,0.0,0,0,-6.75e-05,0,0.0,0,0,0,0.0,0.0,0,0,0.0,0,0,0,0,0.0,-0.013597687,0,0,0.0,0.0,0.0,0,0,0.0,0,0.0,0.0,0,0,0,-5.645648371,0.0,0,0,0.0,-3.38e-05,0.0,0,0.0,0,0,0.010901814,0.010901814,0.010901814,0,0,0.0,0,0.327502401,0,0.0,0,0,0.0,0,-0.006090621,0,0,0,0,0,0,0.0,0.0,0.0,0,0,0.0,0,0,0,0,0,0,0
71,113,0,0,0,0,0,-0.295559513,0,0,0,0,0,-3.42e-05,0,0,0.0,0.011054816,0.0,0,0,0,0.0,0,0.0,0.0,0,0,0,0,0,0,0,0,0,0,0,0,0,0,0,0.0,0,0,0,0,0,0,0,0,0,0,0.0,0,-0.002125019,0,0,0,0.0,0,0,0,0.0,0,0,0,0,0,0,0,0,0,0,0,0,-3.42e-05,0,0,0,0.0,0,0,0,0,0,0.0,-0.002459993,0,0.0,0,0.0,0,0,-3.42e-05,2.82088542,0,0,0,0,0,0,0,0.0,0.0,0,0.0,0,0.0,0,0,0,0,0,0,0,0,-3.42e-05,0.0,0.0,0.0,0,0,0,0.0,0,0,0,0.0,0.0,0.0,0,0,-0.05530572,0,0.0,0.0,0,0.0,-0.499757107,-3.42e-05,0.0,-3.42e-05,0.026630016,0,0.0,0,-1.77e-05,0,0,0,0.0,-3.42e-05,0.0,0,0,-6.85e-05,0,0.0,0,0,0,0.0,0.0,0,0,0.0,0,0,0,0,0.0,-0.013883964,0,0,0.0,0.0,0.0,0,0,0.0,0,0.0,0.0,0,0,0,-5.723406472,0.0,0,0,0.0,-3.42e-05,0.0,0,0.0,0,0,0.011054816,0.011054816,0.011054816,0,0,0.0,0,0.33209247,0,0.0,0,0,0.0,0,-0.0061761,0,0,0,0,0,0,0.0,0.0,0.0,0,0,0.0,0,0,0,0,0,0,0
84,114,0,0,0,0,0,-0.299674504,0,0,0,0,0,-3.47e-05,0,0,0.0,0.011210907,0.0,0,0,0,0.0,0,0.0,0.0,0,0,0,0,0,0,0,0,0,0,0,0,0,0,0,0.0,0,0,0,0,0,0,0,0,0,0,0.0,0,-0.002155023,0,0,0,0.0,0,0,0,0.0,0,0,0,0,0,0,0,0,0,0,0,0,-3.47e-05,0,0,0,0.0,0,0,0,0,0,0.0,-0.002494728,0,0.0,0,0.0,0,0,-3.47e-05,2.860242584,0,0,0,0,0,0,0,0.0,0.0,0,0.0,0,0.0,0,0,0,0,0,0,0,0,-3.47e-05,0.0,0.0,0.0,0,0,0,0.0,0,0,0,0.0,0.0,0.0,0,0,-0.05609762,0,0.0,0.0,0,0.0,-0.506458069,-3.47e-05,0.0,-3.47e-05,0.027011523,0,0.0,0,-1.77e-05,0,0,0,0.0,-3.47e-05,0.0,0,0,-6.94e-05,0,0.0,0,0,0,0.0,0.0,0,0,0.0,0,0,0,0,0.0,-0.014196477,0,0,0.0,0.0,0.0,0,0,0.0,0,0.0,0.0,0,0,0,-5.802427616,0.0,0,0,0.0,-3.47e-05,0.0,0,0.0,0,0,0.011210907,0.011210907,0.011210907,0,0,0.0,0,0.33677521,0,0.0,0,0,0.0,0,-0.006263305,0,0,0,0,0,0,0.0,0.0,0.0,0,0,0.0,0,0,0,0,0,0,0
97,115,0,0,0,0,0,-0.303853106,0,0,0,0,0,-3.52e-05,0,0,0.0,0.011369592,0.0,0,0,0,0.0,0,0.0,0.0,0,0,0,0,0,0,0,0,0,0,0,0,0,0,0,0.0,0,0,0,0,0,0,0,0,0,0,0.0,0,-0.002185527,0,0,0,0.0,0,0,0,0.0,0,0,0,0,0,0,0,0,0,0,0,0,-3.52e-05,0,0,0,0.0,0,0,0,0,0,0.0,-0.002530039,0,0.0,0,0.0,0,0,-3.52e-05,2.900215582,0,0,0,0,0,0,0,0.0,0.0,0,0.0,0,0.0,0,0,0,0,0,0,0,0,-3.52e-05,0.0,0.0,0.0,0,0,0,0.0,0,0,0,0.0,0.0,0.0,0,0,-0.056902676,0,0.0,0.0,0,0.0,-0.513241834,-3.52e-05,0.0,-3.52e-05,0.027399369,0,0.0,0,-1.77e-05,0,0,0,0.0,-3.52e-05,0.0,0,0,-7.04e-05,0,0.0,0,0,0,0.0,0.0,0,0,0.0,0,0,0,0,0.0,-0.01452369,0,0,0.0,0.0,0.0,0,0,0.0,0,0.0,0.0,0,0,0,-5.882618964,0.0,0,0,0.0,-3.52e-05,0.0,0,0.0,0,0,0.011369592,0.011369592,0.011369592,0,0,0.0,0,0.341535747,0,0.0,0,0,0.0,0,-0.006351959,0,0,0,0,0,0,0.0,0.0,0.0,0,0,0.0,0,0,0,0,0,0,0
110,116,0,0,0,0,0,-0.30809596,0,0,0,0,0,-3.57e-05,0,0,0.0,0.011530818,0.0,0,0,0,0.0,0,0.0,0.0,0,0,0,0,0,0,0,0,0,0,0,0,0,0,0,0.0,0,0,0,0,0,0,0,0,0,0,0.0,0,-0.002216518,0,0,0,0.0,0,0,0,0.0,0,0,0,0,0,0,0,0,0,0,0,0,-3.57e-05,0,0,0,0.0,0,0,0,0,0,0.0,-0.002565916,0,0.0,0,0.0,0,0,-3.57e-05,2.940807405,0,0,0,0,0,0,0,0.0,0.0,0,0.0,0,0.0,0,0,0,0,0,0,0,0,-3.57e-05,0.0,0.0,0.0,0,0,0,0.0,0,0,0,0.0,0.0,0.0,0,0,-0.057720625,0,0.0,0.0,0,0.0,-0.520118216,-3.57e-05,0.0,-3.57e-05,0.027793426,0,0.0,0,-1.77e-05,0,0,0,0.0,-3.57e-05,0.0,0,0,-7.14e-05,0,0.0,0,0,0,0.0,0.0,0,0,0.0,0,0,0,0,0.0,-0.014861489,0,0,0.0,0.0,0.0,0,0,0.0,0,0.0,0.0,0,0,0,-5.964014483,0.0,0,0,0.0,-3.57e-05,0.0,0,0.0,0,0,0.011530818,0.011530818,0.011530818,0,0,0.0,0,0.346372528,0,0.0,0,0,0.0,0,-0.006442033,0,0,0,0,0,0,0.0,0.0,0.0,0,0,0.0,0,0,0,0,0,0,0
137,117,0,0,0,0,0,-0.312406919,0,0,0,0,0,-3.62e-05,0,0,0.0,0.011694701,0.0,0,0,0,0.0,0,0.0,0.0,0,0,0,0,0,0,0,0,0,0,0,0,0,0,0,0.0,0,0,0,0,0,0,0,0,0,0,0.0,0,-0.002248021,0,0,0,0.0,0,0,0,0.0,0,0,0,0,0,0,0,0,0,0,0,0,-3.62e-05,0,0,0,0.0,0,0,0,0,0,0.0,-0.002602385,0,0.0,0,0.0,0,0,-3.62e-05,2.98205364,0,0,0,0,0,0,0,0.0,0.0,0,0.0,0,0.0,0,0,0,0,0,0,0,0,-3.62e-05,0.0,0.0,0.0,0,0,0,0.0,0,0,0,0.0,0.0,0.0,0,0,-0.058552055,0,0.0,0.0,0,0.0,-0.527097016,-3.62e-05,0.0,-3.62e-05,0.028193978,0,0.0,0,-1.77e-05,0,0,0,0.0,-3.62e-05,0.0,0,0,-7.24e-05,0,0.0,0,0,0,0.0,0.0,0,0,0.0,0,0,0,0,0.0,-0.01520849,0,0,0.0,0.0,0.0,0,0,0.0,0,0.0,0.0,0,0,0,-6.046696874,0.0,0,0,0.0,-3.62e-05,0.0,0,0.0,0,0,0.011694701,0.011694701,0.011694701,0,0,0.0,0,0.351289019,0,0.0,0,0,0.0,0,-0.006533591,0,0,0,0,0,0,0.0,0.0,0.0,0,0,0.0,0,0,0,0,0,0,0
164,118,0,0,0,0,0,-0.316790507,0,0,0,0,0,-3.67e-05,0,0,0.0,0.011861399,0.0,0,0,0,0.0,0,0.0,0.0,0,0,0,0,0,0,0,0,0,0,0,0,0,0,0,0.0,0,0,0,0,0,0,0,0,0,0,0.0,0,-0.002280065,0,0,0,0.0,0,0,0,0.0,0,0,0,0,0,0,0,0,0,0,0,0,-3.67e-05,0,0,0,0.0,0,0,0,0,0,0.0,-0.002639479,0,0.0,0,0.0,0,0,-3.67e-05,3.023997009,0,0,0,0,0,0,0,0.0,0.0,0,0.0,0,0.0,0,0,0,0,0,0,0,0,-3.67e-05,0.0,0.0,0.0,0,0,0,0.0,0,0,0,0.0,0.0,0.0,0,0,-0.059397767,0,0.0,0.0,0,0.0,-0.534187965,-3.67e-05,0.0,-3.67e-05,0.02860141,0,0.0,0,-1.68e-05,0,0,0,0.0,-3.67e-05,0.0,0,0,-7.35e-05,0,0.0,0,0,0,0.0,0.0,0,0,0.0,0,0,0,0,0.0,-0.015564297,0,0,0.0,0.0,0.0,0,0,0.0,0,0.0,0.0,0,0,0,-6.130757679,0.0,0,0,0.0,-3.67e-05,0.0,0,0.0,0,0,0.011861399,0.011861399,0.011861399,0,0,0.0,0,0.356289965,0,0.0,0,0,0.0,0,-0.006626722,0,0,0,0,0,0,0.0,0.0,0.0,0,0,0.0,0,0,0,0,0,0,0
191,119,0,0,0,0,0,-0.32125302,0,0,0,0,0,-3.73e-05,0,0,0.0,0.012031142,0.0,0,0,0,0.0,0,0.0,0.0,0,0,0,0,0,0,0,0,0,0,0,0,0,0,0,0.0,0,0,0,0,0,0,0,0,0,0,0.0,0,-0.002312693,0,0,0,0.0,0,0,0,0.0,0,0,0,0,0,0,0,0,0,0,0,0,-3.73e-05,0,0,0,0.0,0,0,0,0,0,0.0,-0.002677252,0,0.0,0,0.0,0,0,-3.73e-05,3.066697339,0,0,0,0,0,0,0,0.0,0.0,0,0.0,0,0.0,0,0,0,0,0,0,0,0,-3.73e-05,0.0,0.0,0.0,0,0,0,0.0,0,0,0,0.0,0.0,0.0,0,0,-0.060258924,0,0.0,0.0,0,0.0,-0.541401012,-3.73e-05,0.0,-3.73e-05,0.029016283,0,0.0,0,-1.66e-05,0,0,0,0.0,-3.73e-05,0.0,0,0,-7.45e-05,0,0.0,0,0,0,0.0,0.0,0,0,0.0,0,0,0,0,0.0,-0.015928869,0,0,0.0,0.0,0.0,0,0,0.0,0,0.0,0.0,0,0,0,-6.216319117,0.0,0,0,0.0,-3.73e-05,0.0,0,0.0,0,0,0.012031142,0.012031142,0.012031142,0,0,0.0,0,0.361382244,0,0.0,0,0,0.0,0,-0.006721554,0,0,0,0,0,0,0.0,0.0,0.0,0,0,0.0,0,0,0,0,0,0,0
302,120,0,0,0,0,0,-0.325799881,0,0,0,0,0,-3.78e-05,0,0,0.0,0.012204129,0.0,0,0,0,0.0,0,0.0,0.0,0,0,0,0,0,0,0,0,0,0,0,0,0,0,0,0.0,0,0,0,0,0,0,0,0,0,0,0.0,0,-0.002345946,0,0,0,0.0,0,0,0,0.0,0,0,0,0,0,0,0,0,0,0,0,0,-3.78e-05,0,0,0,0.0,0,0,0,0,0,0.0,-0.002715746,0,0.0,0,0.0,0,0,-3.78e-05,3.110206228,0,0,0,0,0,0,0,0.0,0.0,0,0.0,0,0.0,0,0,0,0,0,0,0,0,-3.78e-05,0.0,0.0,0.0,0,0,0,0.0,0,0,0,0.0,0.0,0.0,0,0,-0.061136538,0,0.0,0.0,0,0.0,-0.548746118,-3.78e-05,0.0,-3.78e-05,0.029439085,0,0.0,0,-1.65e-05,0,0,0,0.0,-3.78e-05,0.0,0,0,-7.56e-05,0,0.0,0,0,0,0.0,0.0,0,0,0.0,0,0,0,0,0.0,-0.016302287,0,0,0.0,0.0,0.0,0,0,0.0,0,0.0,0.0,0,0,0,-6.303487435,0.0,0,0,0.0,-3.78e-05,0.0,0,0.0,0,0,0.012204129,0.012204129,0.012204129,0,0,0.0,0,0.366571846,0,0.0,0,0,0.0,0,-0.006818198,0,0,0,0,0,0,0.0,0.0,0.0,0,0,0.0,0,0,0,0,0,0,0
315,121,0,0,0,0,0,-0.330436841,0,0,0,0,0,-3.83e-05,0,0,0.0,0.012380572,0.0,0,0,0,0.0,0,0.0,0.0,0,0,0,0,0,0,0,0,0,0,0,0,0,0,0,0.0,0,0,0,0,0,0,0,0,0,0,0.0,0,-0.002379863,0,0,0,0.0,0,0,0,0.0,0,0,0,0,0,0,0,0,0,0,0,0,-3.83e-05,0,0,0,0.0,0,0,0,0,0,0.0,-0.002755009,0,0.0,0,0.0,0,0,-3.83e-05,3.154578469,0,0,0,0,0,0,0,0.0,0.0,0,0.0,0,0.0,0,0,0,0,0,0,0,0,-3.83e-05,0.0,0.0,0.0,0,0,0,0.0,0,0,0,0.0,0.0,0.0,0,0,-0.06203169,0,0.0,0.0,0,0.0,-0.556233413,-3.83e-05,0.0,-3.83e-05,0.029870336,0,0.0,0,-1.65e-05,0,0,0,0.0,-3.83e-05,0.0,0,0,-7.67e-05,0,0.0,0,0,0,0.0,0.0,0,0,0.0,0,0,0,0,0.0,-0.01668468,0,0,0.0,0.0,0.0,0,0,0.0,0,0.0,0.0,0,0,0,-6.392374826,0.0,0,0,0.0,-3.83e-05,0.0,0,0.0,0,0,0.012380572,0.012380572,0.012380572,0,0,0.0,0,0.371865147,0,0.0,0,0,0.0,0,-0.006916773,0,0,0,0,0,0,0.0,0.0,0.0,0,0,0.0,0,0,0,0,0,0,0
328,122,0,0,0,0,0,-0.335169729,0,0,0,0,0,-3.89e-05,0,0,0.0,0.012560688,0.0,0,0,0,0.0,0,0.0,0.0,0,0,0,0,0,0,0,0,0,0,0,0,0,0,0,0.0,0,0,0,0,0,0,0,0,0,0,0.0,0,-0.002414486,0,0,0,0.0,0,0,0,0.0,0,0,0,0,0,0,0,0,0,0,0,0,-3.89e-05,0,0,0,0.0,0,0,0,0,0,0.0,-0.00279509,0,0.0,0,0.0,0,0,-3.89e-05,3.19986958,0,0,0,0,0,0,0,0.0,0.0,0,0.0,0,0.0,0,0,0,0,0,0,0,0,-3.89e-05,0.0,0.0,0.0,0,0,0,0.0,0,0,0,0.0,0.0,0.0,0,0,-0.062945474,0,0.0,0.0,0,0.0,-0.563873043,-3.89e-05,0.0,-3.89e-05,0.030310562,0,0.0,0,-1.65e-05,0,0,0,0.0,-3.89e-05,0.0,0,0,-7.78e-05,0,0.0,0,0,0,0.0,0.0,0,0,0.0,0,0,0,0,0.0,-0.017076195,0,0,0.0,0.0,0.0,0,0,0.0,0,0.0,0.0,0,0,0,-6.483094782,0.0,0,0,0.0,-3.89e-05,0.0,0,0.0,0,0,0.012560688,0.012560688,0.012560688,0,0,0.0,0,0.377268618,0,0.0,0,0,0.0,0,-0.0070174,0,0,0,0,0,0,0.0,0.0,0.0,0,0,0.0,0,0,0,0,0,0,0
341,123,0,0,0,0,0,-0.340004376,0,0,0,0,0,-3.95e-05,0,0,0.0,0.012744692,0.0,0,0,0,0.0,0,0.0,0.0,0,0,0,0,0,0,0,0,0,0,0,0,0,0,0,0.0,0,0,0,0,0,0,0,0,0,0,0.0,0,-0.002449856,0,0,0,0.0,0,0,0,0.0,0,0,0,0,0,0,0,0,0,0,0,0,-3.95e-05,0,0,0,0.0,0,0,0,0,0,0.0,-0.002836036,0,0.0,0,0.0,0,0,-3.95e-05,3.246135117,0,0,0,0,0,0,0,0.0,0.0,0,0.0,0,0.0,0,0,0,0,0,0,0,0,-3.95e-05,0.0,0.0,0.0,0,0,0,0.0,0,0,0,0.0,0.0,0.0,0,0,-0.063878983,0,0.0,0.0,0,0.0,-0.571675115,-3.95e-05,0.0,-3.95e-05,0.030760292,0,0.0,0,-1.64e-05,0,0,0,0.0,-3.95e-05,0.0,0,0,-7.89e-05,0,0.0,0,0,0,0.0,0.0,0,0,0.0,0,0,0,0,0.0,-0.017476988,0,0,0.0,0.0,0.0,0,0,0.0,0,0.0,0.0,0,0,0,-6.575760779,0.0,0,0,0.0,-3.95e-05,0.0,0,0.0,0,0,0.012744692,0.012744692,0.012744692,0,0,0.0,0,0.382788738,0,0.0,0,0,0.0,0,-0.007120199,0,0,0,0,0,0,0.0,0.0,0.0,0,0,0.0,0,0,0,0,0,0,0
354,124,0,0,0,0,0,-0.344947127,0,0,0,0,0,-4e-05,0,0,0.0,0.012932819,0.0,0,0,0,0.0,0,0.0,0.0,0,0,0,0,0,0,0,0,0,0,0,0,0,0,0,0.0,0,0,0,0,0,0,0,0,0,0,0.0,0,-0.002486019,0,0,0,0.0,0,0,0,0.0,0,0,0,0,0,0,0,0,0,0,0,0,-4e-05,0,0,0,0.0,0,0,0,0,0,0.0,-0.002877899,0,0.0,0,0.0,0,0,-4e-05,3.293435525,0,0,0,0,0,0,0,0.0,0.0,0,0.0,0,0.0,0,0,0,0,0,0,0,0,-4e-05,0.0,0.0,0.0,0,0,0,0.0,0,0,0,0.0,0.0,0.0,0,0,-0.06483341,0,0.0,0.0,0,0.0,-0.579649833,-4e-05,0.0,-4e-05,0.031220099,0,0.0,0,-1.72e-05,0,0,0,0.0,-4e-05,0.0,0,0,-8.01e-05,0,0.0,0,0,0,0.0,0.0,0,0,0.0,0,0,0,0,0.0,-0.017887225,0,0,0.0,0.0,0.0,0,0,0.0,0,0.0,0.0,0,0,0,-6.670495508,0.0,0,0,0.0,-4e-05,0.0,0,0.0,0,0,0.012932819,0.012932819,0.012932819,0,0,0.0,0,0.388432553,0,0.0,0,0,0.0,0,-0.007225302,0,0,0,0,0,0,0.0,0.0,0.0,0,0,0.0,0,0,0,0,0,0,0
367,125,0,0,0,0,0,-0.350002668,0,0,0,0,0,-4.06e-05,0,0,0.0,0.013125243,0.0,0,0,0,0.0,0,0.0,0.0,0,0,0,0,0,0,0,0,0,0,0,0,0,0,0,0.0,0,0,0,0,0,0,0,0,0,0,0.0,0,-0.002523008,0,0,0,0.0,0,0,0,0.0,0,0,0,0,0,0,0,0,0,0,0,0,-4.06e-05,0,0,0,0.0,0,0,0,0,0,0.0,-0.002920719,0,0.0,0,0.0,0,0,-4.06e-05,3.341815482,0,0,0,0,0,0,0,0.0,0.0,0,0.0,0,0.0,0,0,0,0,0,0,0,0,-4.06e-05,0.0,0.0,0.0,0,0,0,0.0,0,0,0,0.0,0.0,0.0,0,0,-0.06580964,0,0.0,0.0,0,0.0,-0.58780741,-4.06e-05,0.0,-4.06e-05,0.03169041,0,0.0,0,-1.66e-05,0,0,0,0.0,-4.06e-05,0.0,0,0,-8.13e-05,0,0.0,0,0,0,0.0,0.0,0,0,0.0,0,0,0,0,0.0,-0.018307074,0,0,0.0,0.0,0.0,0,0,0.0,0,0.0,0.0,0,0,0,-6.767392116,0.0,0,0,0.0,-4.06e-05,0.0,0,0.0,0,0,0.013125243,0.013125243,0.013125243,0,0,0.0,0,0.394205293,0,0.0,0,0,0.0,0,-0.007332806,0,0,0,0,0,0,0.0,0.0,0.0,0,0,0.0,0,0,0,0,0,0,0
380,126,0,0,0,0,0,-0.355177927,0,0,0,0,0,-4.13e-05,0,0,0.0,0.013322222,0.0,0,0,0,0.0,0,0.0,0.0,0,0,0,0,0,0,0,0,0,0,0,0,0,0,0,0.0,0,0,0,0,0,0,0,0,0,0,0.0,0,-0.002560872,0,0,0,0.0,0,0,0,0.0,0,0,0,0,0,0,0,0,0,0,0,0,-4.13e-05,0,0,0,0.0,0,0,0,0,0,0.0,-0.002964552,0,0.0,0,0.0,0,0,-4.13e-05,3.391340985,0,0,0,0,0,0,0,0.0,0.0,0,0.0,0,0.0,0,0,0,0,0,0,0,0,-4.13e-05,0.0,0.0,0.0,0,0,0,0.0,0,0,0,0.0,0.0,0.0,0,0,-0.066808973,0,0.0,0.0,0,0.0,-0.596158028,-4.13e-05,0.0,-4.13e-05,0.032171851,0,0.0,0,-1.64e-05,0,0,0,0.0,-4.13e-05,0.0,0,0,-8.25e-05,0,0.0,0,0,0,0.0,0.0,0,0,0.0,0,0,0,0,0.0,-0.018736712,0,0,0.0,0.0,0.0,0,0,0.0,0,0.0,0.0,0,0,0,-6.866583625,0.0,0,0,0.0,-4.13e-05,0.0,0,0.0,0,0,0.013322222,0.013322222,0.013322222,0,0,0.0,0,0.400114651,0,0.0,0,0,0.0,0,-0.007442854,0,0,0,0,0,0,0.0,0.0,0.0,0,0,0.0,0,0,0,0,0,0,0
393,127,0,0,0,0,0,-0.360479092,0,0,0,0,0,-4.19e-05,0,0,0.0,0.013523984,0.0,0,0,0,0.0,0,0.0,0.0,0,0,0,0,0,0,0,0,0,0,0,0,0,0,0,0.0,0,0,0,0,0,0,0,0,0,0,0.0,0,-0.002599656,0,0,0,0.0,0,0,0,0.0,0,0,0,0,0,0,0,0,0,0,0,0,-4.19e-05,0,0,0,0.0,0,0,0,0,0,0.0,-0.003009449,0,0.0,0,0.0,0,0,-4.19e-05,3.442071008,0,0,0,0,0,0,0,0.0,0.0,0,0.0,0,0.0,0,0,0,0,0,0,0,0,-4.19e-05,0.0,0.0,0.0,0,0,0,0.0,0,0,0,0.0,0.0,0.0,0,0,-0.067832574,0,0.0,0.0,0,0.0,-0.604711912,-4.19e-05,0.0,-4.19e-05,0.032664984,0,0.0,0,-1.71e-05,0,0,0,0.0,-4.19e-05,0.0,0,0,-8.38e-05,0,0.0,0,0,0,0.0,0.0,0,0,0.0,0,0,0,0,0.0,-0.01917632,0,0,0.0,0.0,0.0,0,0,0.0,0,0.0,0.0,0,0,0,-6.968189917,0.0,0,0,0.0,-4.19e-05,0.0,0,0.0,0,0,0.013523984,0.013523984,0.013523984,0,0,0.0,0,0.40616751,0,0.0,0,0,0.0,0,-0.007555574,0,0,0,0,0,0,0.0,0.0,0.0,0,0,0.0,0,0,0,0,0,0,0
406,128,0,0,0,0,0,-0.365954694,0,0,0,0,0,-4.25e-05,0,0,0.0,0.013732297,0.0,0,0,0,0.0,0,0.0,0.0,0,0,0,0,0,0,0,0,0,0,0,0,0,0,0,0.0,0,0,0,0,0,0,0,0,0,0,0.0,0,-0.002639699,0,0,0,0.0,0,0,0,0.0,0,0,0,0,0,0,0,0,0,0,0,0,-4.25e-05,0,0,0,0.0,0,0,0,0,0,0.0,-0.003055804,0,0.0,0,0.0,0,0,-4.25e-05,3.494403317,0,0,0,0,0,0,0,0.0,0.0,0,0.0,0,0.0,0,0,0,0,0,0,0,0,-4.25e-05,0.0,0.0,0.0,0,0,0,0.0,0,0,0,0.0,0.0,0.0,0,0,-0.06888941,0,0.0,0.0,0,0.0,-0.613507136,-4.25e-05,0.0,-4.25e-05,0.033174127,0,0.0,0,-3.65e-05,0,0,0,0.0,-4.25e-05,0.0,0,0,-8.5e-05,0,0.0,0,0,0,0.0,0.0,0,0,0.0,0,0,0,0,0.0,-0.019625564,0,0,0.0,0.0,0.0,0,0,0.0,0,0.0,0.0,0,0,0,-7.072892639,0.0,0,0,0.0,-4.25e-05,0.0,0,0.0,0,0,0.013732297,0.013732297,0.013732297,0,0,0.0,0,0.412385208,0,0.0,0,0,0.0,0,-0.007671954,0,0,0,0,0,0,0.0,0.0,0.0,0,0,0.0,0,0,0,0,0,0,0
419,129,0,0,0,0,0,-0.371571854,0,0,0,0,0,-4.32e-05,0,0,0.0,0.013945949,0.0,0,0,0,0.0,0,0.0,0.0,0,0,0,0,0,0,0,0,0,0,0,0,0,0,0,0.0,0,0,0,0,0,0,0,0,0,0,0.0,0,-0.002680768,0,0,0,0.0,0,0,0,0.0,0,0,0,0,0,0,0,0,0,0,0,0,-4.32e-05,0,0,0,0.0,0,0,0,0,0,0.0,-0.003103348,0,0.0,0,0.0,0,0,-4.32e-05,3.548151664,0,0,0,0,0,0,0,0.0,0.0,0,0.0,0,0.0,0,0,0,0,0,0,0,0,-4.32e-05,0.0,0.0,0.0,0,0,0,0.0,0,0,0,0.0,0.0,0.0,0,0,-0.069973336,0,0.0,0.0,0,0.0,-0.622587542,-4.32e-05,0.0,-4.32e-05,0.033696322,0,0.0,0,-3.63e-05,0,0,0,0.0,-4.32e-05,0.0,0,0,-8.64e-05,0,0.0,0,0,0,0.0,0.0,0,0,0.0,0,0,0,0,0.0,-0.020083925,0,0,0.0,0.0,0.0,0,0,0.0,0,0.0,0.0,0,0,0,-7.180595229,0.0,0,0,0.0,-4.32e-05,0.0,0,0.0,0,0,0.013945949,0.013945949,0.013945949,0,0,0.0,0,0.418794784,0,0.0,0,0,0.0,0,-0.007791318,0,0,0,0,0,0,0.0,0.0,0.0,0,0,0.0,0,0,0,0,0,0,0
432,130,0,0,0,0,0,-0.377366365,0,0,0,0,0,-4.39e-05,0,0,0.0,0.014166249,0.0,0,0,0,0.0,0,0.0,0.0,0,0,0,0,0,0,0,0,0,0,0,0,0,0,0,0.0,0,0,0,0,0,0,0,0,0,0,0.0,0,-0.002723116,0,0,0,0.0,0,0,0,0.0,0,0,0,0,0,0,0,0,0,0,0,0,-4.39e-05,0,0,0,0.0,0,0,0,0,0,0.0,-0.00315237,0,0.0,0,0.0,0,0,-4.39e-05,3.603592974,0,0,0,0,0,0,0,0.0,0.0,0,0.0,0,0.0,0,0,0,0,0,0,0,0,-4.39e-05,0.0,0.0,0.0,0,0,0,0.0,0,0,0,0.0,0.0,0.0,0,0,-0.071090986,0,0.0,0.0,0,0.0,-0.631965054,-4.39e-05,0.0,-4.39e-05,0.034234764,0,0.0,0,-3.7e-05,0,0,0,0.0,-4.39e-05,0.0,0,0,-8.77e-05,0,0.0,0,0,0,0.0,0.0,0,0,0.0,0,0,0,0,0.0,-0.02055139,0,0,0.0,0.0,0.0,0,0,0.0,0,0.0,0.0,0,0,0,-7.291725363,0.0,0,0,0.0,-4.39e-05,0.0,0,0.0,0,0,0.014166249,0.014166249,0.014166249,0,0,0.0,0,0.425403789,0,0.0,0,0,0.0,0,-0.007914395,0,0,0,0,0,0,0.0,0.0,0.0,0,0,0.0,0,0,0,0,0,0,0
445,131,0,0,0,0,0,-0.383344858,0,0,0,0,0,-4.46e-05,0,0,0.0,0.014393442,0.0,0,0,0,0.0,0,0.0,0.0,0,0,0,0,0,0,0,0,0,0,0,0,0,0,0,0.0,0,0,0,0,0,0,0,0,0,0,0.0,0,-0.002766788,0,0,0,0.0,0,0,0,0.0,0,0,0,0,0,0,0,0,0,0,0,0,-4.46e-05,0,0,0,0.0,0,0,0,0,0,0.0,-0.003202927,0,0.0,0,0.0,0,0,-4.46e-05,3.660790396,0,0,0,0,0,0,0,0.0,0.0,0,0.0,0,0.0,0,0,0,0,0,0,0,0,-4.46e-05,0.0,0.0,0.0,0,0,0,0.0,0,0,0,0.0,0.0,0.0,0,0,-0.072243606,0,0.0,0.0,0,0.0,-0.641652669,-4.46e-05,0.0,-4.46e-05,0.034790053,0,0.0,0,-3.71e-05,0,0,0,0.0,-4.46e-05,0.0,0,0,-8.91e-05,0,0.0,0,0,0,0.0,0.0,0,0,0.0,0,0,0,0,0.0,-0.02102811,0,0,0.0,0.0,0.0,0,0,0.0,0,0.0,0.0,0,0,0,-7.406413647,0.0,0,0,0.0,-4.46e-05,0.0,0,0.0,0,0,0.014393442,0.014393442,0.014393442,0,0,0.0,0,0.432219573,0,0.0,0,0,0.0,0,-0.008041323,0,0,0,0,0,0,0.0,0.0,0.0,0,0,0.0,0,0,0,0,0,0,0
458,132,0,0,0,0,0,-0.389515221,0,0,0,0,0,-4.53e-05,0,0,0.0,0.01462782,0.0,0,0,0,0.0,0,0.0,0.0,0,0,0,0,0,0,0,0,0,0,0,0,0,0,0,0.0,0,0,0,0,0,0,0,0,0,0,0.0,0,-0.002811841,0,0,0,0.0,0,0,0,0.0,0,0,0,0,0,0,0,0,0,0,0,0,-4.53e-05,0,0,0,0.0,0,0,0,0,0,0.0,-0.003255082,0,0.0,0,0.0,0,0,-4.53e-05,3.719819057,0,0,0,0,0,0,0,0.0,0.0,0,0.0,0,0.0,0,0,0,0,0,0,0,0,-4.53e-05,0.0,0.0,0.0,0,0,0,0.0,0,0,0,0.0,0.0,0.0,0,0,-0.073432674,0,0.0,0.0,0,0.0,-0.65166366,-4.53e-05,0.0,-4.53e-05,0.035362901,0,0.0,0,-3.71e-05,0,0,0,0.0,-4.53e-05,0.0,0,0,-9.06e-05,0,0.0,0,0,0,0.0,0.0,0,0,0.0,0,0,0,0,0.0,-0.021514276,0,0,0.0,0.0,0.0,0,0,0.0,0,0.0,0.0,0,0,0,-7.524813236,0.0,0,0,0.0,-4.53e-05,0.0,0,0.0,0,0,0.01462782,0.01462782,0.01462782,0,0,0.0,0,0.43925089,0,0.0,0,0,0.0,0,-0.008172265,0,0,0,0,0,0,0.0,0.0,0.0,0,0,0.0,0,0,0,0,0,0,0
471,133,0,0,0,0,0,-0.395884378,0,0,0,0,0,-4.6e-05,0,0,0.0,0.014869638,0.0,0,0,0,0.0,0,0.0,0.0,0,0,0,0,0,0,0,0,0,0,0,0,0,0,0,0.0,0,0,0,0,0,0,0,0,0,0,0.0,0,-0.002858325,0,0,0,0.0,0,0,0,0.0,0,0,0,0,0,0,0,0,0,0,0,0,-4.6e-05,0,0,0,0.0,0,0,0,0,0,0.0,-0.003308893,0,0.0,0,0.0,0,0,-4.6e-05,3.780744948,0,0,0,0,0,0,0,0.0,0.0,0,0.0,0,0.0,0,0,0,0,0,0,0,0,-4.6e-05,0.0,0.0,0.0,0,0,0,0.0,0,0,0,0.0,0.0,0.0,0,0,-0.074659494,0,0.0,0.0,0,0.0,-0.662010645,-4.6e-05,0.0,-4.6e-05,0.035953937,0,0.0,0,-3.63e-05,0,0,0,0.0,-4.6e-05,0.0,0,0,-9.21e-05,0,0.0,0,0,0,0.0,0.0,0,0,0.0,0,0,0,0,0.0,-0.022010088,0,0,0.0,0.0,0.0,0,0,0.0,0,0.0,0.0,0,0,0,-7.647059466,0.0,0,0,0.0,-4.6e-05,0.0,0,0.0,0,0,0.014869638,0.014869638,0.014869638,0,0,0.0,0,0.446505441,0,0.0,0,0,0.0,0,-0.008307364,0,0,0,0,0,0,0.0,0.0,0.0,0,0,0.0,0,0,0,0,0,0,0
484,134,0,0,0,0,0,-0.402461139,0,0,0,0,0,-4.68e-05,0,0,0.0,0.015119223,0.0,0,0,0,0.0,0,0.0,0.0,0,0,0,0,0,0,0,0,0,0,0,0,0,0,0,0.0,0,0,0,0,0,0,0,0,0,0,0.0,0,-0.002906302,0,0,0,0.0,0,0,0,0.0,0,0,0,0,0,0,0,0,0,0,0,0,-4.68e-05,0,0,0,0.0,0,0,0,0,0,0.0,-0.003364433,0,0.0,0,0.0,0,0,-4.68e-05,3.843651982,0,0,0,0,0,0,0,0.0,0.0,0,0.0,0,0.0,0,0,0,0,0,0,0,0,-4.68e-05,0.0,0.0,0.0,0,0,0,0.0,0,0,0,0.0,0.0,0.0,0,0,-0.075925715,0,0.0,0.0,0,0.0,-0.672707971,-4.68e-05,0.0,-4.68e-05,0.036563955,0,0.0,0,-3.57e-05,0,0,0,0.0,-4.68e-05,0.0,0,0,-9.36e-05,0,0.0,0,0,0,0.0,0.0,0,0,0.0,0,0,0,0,0.0,-0.022515754,0,0,0.0,0.0,0.0,0,0,0.0,0,0.0,0.0,0,0,0,-7.773322943,0.0,0,0,0.0,-4.68e-05,0.0,0,0.0,0,0,0.015119223,0.015119223,0.015119223,0,0,0.0,0,0.453992998,0,0.0,0,0,0.0,0,-0.008446802,0,0,0,0,0,0,0.0,0.0,0.0,0,0,0.0,0,0,0,0,0,0,0
497,135,0,0,0,0,0,-0.408824988,0,0,0,0,0,-4.76e-05,0,0,0.0,0.015361352,0.0,0,0,0,0.0,0,0.0,0.0,0,0,0,0,0,0,0,0,0,0,0,0,0,0,0,0.0,0,0,0,0,0,0,0,0,0,0,0.0,0,-0.002952845,0,0,0,0.0,0,0,0,0.0,0,0,0,0,0,0,0,0,0,0,0,0,-4.76e-05,0,0,0,0.0,0,0,0,0,0,0.0,-0.003418313,0,0.0,0,0.0,0,0,-4.76e-05,3.904548211,0,0,0,0,0,0,0,0.0,0.0,0,0.0,0,0.0,0,0,0,0,0,0,0,0,-4.76e-05,0.0,0.0,0.0,0,0,0,0.0,0,0,0,0.0,0.0,0.0,0,0,-0.077154111,0,0.0,0.0,0,0.0,-0.68298553,-4.76e-05,0.0,-4.76e-05,0.03715575,0,0.0,0,-3.67e-05,0,0,0,0.0,-4.76e-05,0.0,0,0,-9.51e-05,0,0.0,0,0,0,0.0,0.0,0,0,0.0,0,0,0,0,0.0,-0.023039178,0,0,0.0,0.0,0.0,0,0,0.0,0,0.0,0.0,0,0,0,-7.895319741,0.0,0,0,0.0,-4.76e-05,0.0,0,0.0,0,0,0.015361352,0.015361352,0.015361352,0,0,0.0,0,0.461256865,0,0.0,0,0,0.0,0,-0.008582074,0,0,0,0,0,0,0.0,0.0,0.0,0,0,0.0,0,0,0,0,0,0,0
510,136,0,0,0,0,0,-0.414486142,0,0,0,0,0,-4.82e-05,0,0,0.0,0.015579545,0.0,0,0,0,0.0,0,0.0,0.0,0,0,0,0,0,0,0,0,0,0,0,0,0,0,0,0.0,0,0,0,0,0,0,0,0,0,0,0.0,0,-0.002994787,0,0,0,0.0,0,0,0,0.0,0,0,0,0,0,0,0,0,0,0,0,0,-4.82e-05,0,0,0,0.0,0,0,0,0,0,0.0,-0.003466866,0,0.0,0,0.0,0,0,-4.82e-05,3.957319137,0,0,0,0,0,0,0,0.0,0.0,0,0.0,0,0.0,0,0,0,0,0,0,0,0,-4.82e-05,0.0,0.0,0.0,0,0,0,0.0,0,0,0,0.0,0.0,0.0,0,0,-0.07483116,0,0.0,0.0,0,0.0,-0.691926152,-4.82e-05,0.0,-4.82e-05,0.035974086,0,0.0,0,-1.62e-05,0,0,0,0.0,-4.82e-05,0.0,0,0,-9.65e-05,0,0.0,0,0,0,0.0,0.0,0,0,0.0,0,0,0,0,0.0,-0.023658022,0,0,0.0,0.0,0.0,0,0,0.0,0,0.0,0.0,0,0,0,-8.00214861,0.0,0,0,0.0,-4.82e-05,0.0,0,0.0,0,0,0.015579545,0.015579545,0.015579545,0,0,0.0,0,0.467901815,0,0.0,0,0,0.0,0,-0.008703974,0,0,0,0,0,0,0.0,0.0,0.0,0,0,0.0,0,0,0,0,0,0,0
523,137,0,0,0,0,0,-0.419650497,0,0,0,0,0,-4.89e-05,0,0,0.0,0.015777248,0.0,0,0,0,0.0,0,0.0,0.0,0,0,0,0,0,0,0,0,0,0,0,0,0,0,0,0.0,0,0,0,0,0,0,0,0,0,0,0.0,0,-0.003032791,0,0,0,0.0,0,0,0,0.0,0,0,0,0,0,0,0,0,0,0,0,0,-4.89e-05,0,0,0,0.0,0,0,0,0,0,0.0,-0.003510861,0,0.0,0,0.0,0,0,-4.89e-05,4.00678731,0,0,0,0,0,0,0,0.0,0.0,0,0.0,0,0.0,0,0,0,0,0,0,0,0,-4.89e-05,0.0,0.0,0.0,0,0,0,0.0,0,0,0,0.0,0.0,0.0,0,0,-0.075834171,0,0.0,0.0,0,0.0,-0.700126114,-4.89e-05,0.0,-4.89e-05,0.036457299,0,0.0,0,-1.77e-05,0,0,0,0.0,-4.89e-05,0.0,0,0,-9.77e-05,0,0.0,0,0,0,0.0,0.0,0,0,0.0,0,0,0,0,0.0,-0.024149145,0,0,0.0,0.0,0.0,0,0,0.0,0,0.0,0.0,0,0,0,-8.100804972,0.0,0,0,0.0,-4.89e-05,0.0,0,0.0,0,0,0.015777248,0.015777248,0.015777248,0,0,0.0,0,0.473832922,0,0.0,0,0,0.0,0,-0.008814427,0,0,0,0,0,0,0.0,0.0,0.0,0,0,0.0,0,0,0,0,0,0,0
536,138,0,0,0,0,0,-0.425232303,0,0,0,0,0,-4.95e-05,0,0,0.0,0.016001469,0.0,0,0,0,0.0,0,0.0,0.0,0,0,0,0,0,0,0,0,0,0,0,0,0,0,0,0.0,0,0,0,0,0,0,0,0,0,0,0.0,0,-0.003075892,0,0,0,0.0,0,0,0,0.0,0,0,0,0,0,0,0,0,0,0,0,0,-4.95e-05,0,0,0,0.0,0,0,0,0,0,0.0,-0.003560756,0,0.0,0,0.0,0,0,-4.95e-05,4.060688676,0,0,0,0,0,0,0,0.0,0.0,0,0.0,0,0.0,0,0,0,0,0,0,0,0,-4.95e-05,0.0,0.0,0.0,0,0,0,0.0,0,0,0,0.0,0.0,0.0,0,0,-0.076971714,0,0.0,0.0,0,0.0,-0.707775611,-4.95e-05,0.0,-4.95e-05,0.037005325,0,0.0,0,-1.83e-05,0,0,0,0.0,-4.95e-05,0.0,0,0,-9.91e-05,0,0.0,0,0,0,0.0,0.0,0,0,0.0,0,0,0,0,0.0,-0.025256602,0,0,0.0,0.0,0.0,0,0,0.0,0,0.0,0.0,0,0,0,-8.204438012,0.0,0,0,0.0,-4.95e-05,0.0,0,0.0,0,0,0.016001469,0.016001469,0.016001469,0,0,0.0,0,0.480559554,0,0.0,0,0,0.0,0,-0.008939695,0,0,0,0,0,0,0.0,0.0,0.0,0,0,0.0,0,0,0,0,0,0,0
549,139,0,0,0,0,0,-0.43853255,0,0,0,0,0,-5.15e-05,0,0,0.0,0.016632231,0.0,0,0,0,0.0,0,0.0,0.0,0,0,0,0,0,0,0,0,0,0,0,0,0,0,0,0.0,0,0,0,0,0,0,0,0,0,0,0.0,0,-0.00319714,0,0,0,0.0,0,0,0,0.0,0,0,0,0,0,0,0,0,0,0,0,0,-5.15e-05,0,0,0,0.0,0,0,0,0,0,0.0,-0.003701117,0,0.0,0,0.0,0,0,-5.15e-05,4.193103375,0,0,0,0,0,0,0,0.0,0.0,0,0.0,0,0.0,0,0,0,0,0,0,0,0,-5.15e-05,0.0,0.0,0.0,0,0,0,0.0,0,0,0,0.0,0.0,0.0,0,0,-0.080171762,0,0.0,0.0,0,0.0,-0.714884805,-5.15e-05,0.0,-5.15e-05,0.038546988,0,0.0,0,-1.75e-05,0,0,0,0.0,-5.15e-05,0.0,0,0,-0.000103,0,0.0,0,0,0,0.0,0.0,0,0,0.0,0,0,0,0,0.0,-0.033176136,0,0,0.0,0.0,0.0,0,0,0.0,0,0.0,0.0,0,0,0,-8.423911299,0.0,0,0,0.0,-5.15e-05,0.0,0,0.0,0,0,0.016632231,0.016632231,0.016632231,0,0,0.0,0,0.499482397,0,0.0,0,0,0.0,0,-0.009292088,0,0,0,0,0,0,0.0,0.0,0.0,0,0,0.0,0,0,0,0,0,0,0
562,140,0,0,0,0,0,-0.449813775,0,0,0,0,0,-5.31e-05,0,0,0.0,0.017158962,0.0,0,0,0,0.0,0,0.0,0.0,0,0,0,0,0,0,0,0,0,0,0,0,0,0,0,0.0,0,0,0,0,0,0,0,0,0,0,0.0,0,-0.003298392,0,0,0,0.0,0,0,0,0.0,0,0,0,0,0,0,0,0,0,0,0,0,-5.31e-05,0,0,0,0.0,0,0,0,0,0,0.0,-0.003818329,0,0.0,0,0.0,0,0,-5.31e-05,4.306655678,0,0,0,0,0,0,0,0.0,0.0,0,0.0,0,0.0,0,0,0,0,0,0,0,0,-5.31e-05,0.0,0.0,0.0,0,0,0,0.0,0,0,0,0.0,0.0,0.0,0,0,-0.086273945,0,0.0,0.0,0,0.0,-0.721799667,-5.31e-05,0.0,-5.31e-05,0.041549343,0,0.0,0,-1.84e-05,0,0,0,0.0,-5.31e-05,0.0,0,0,-0.000106,0,0.0,0,0,0,0.0,0.0,0,0,0.0,0,0,0,0,0.0,-0.039440417,0,0,0.0,0.0,0.0,0,0,0.0,0,0.0,0.0,0,0,0,-8.61359744,0.0,0,0,0.0,-5.31e-05,0.0,0,0.0,0,0,0.017158962,0.017158962,0.017158962,0,0,0.0,0,0.515216863,0,0.0,0,0,0.0,0,-0.009586362,0,0,0,0,0,0,0.0,0.0,0.0,0,0,0.0,0,0,0,0,0,0,0
575,141,0,0,0,0,0,-0.460339294,0,0,0,0,0,-5.46e-05,0,0,0.0,0.017649112,0.0,0,0,0,0.0,0,0.0,0.0,0,0,0,0,0,0,0,0,0,0,0,0,0,0,0,0.0,0,0,0,0,0,0,0,0,0,0,0.0,0,-0.003392611,0,0,0,0.0,0,0,0,0.0,0,0,0,0,0,0,0,0,0,0,0,0,-5.46e-05,0,0,0,0.0,0,0,0,0,0,0.0,-0.003927401,0,0.0,0,0.0,0,0,-5.47e-05,4.411073702,0,0,0,0,0,0,0,0.0,0.0,0,0.0,0,0.0,0,0,0,0,0,0,0,0,-5.46e-05,0.0,0.0,0.0,0,0,0,0.0,0,0,0,0.0,0.0,0.0,0,0,-0.088760628,0,0.0,0.0,0,0.0,-0.728466822,-5.47e-05,0.0,-5.46e-05,0.042747334,0,0.0,0,-1.63e-05,0,0,0,0.0,-5.46e-05,0.0,0,0,-0.000109,0,0.0,0,0,0,0.0,0.0,0,0,0.0,0,0,0,0,0.0,-0.045214075,0,0,0.0,0.0,0.0,0,0,0.0,0,0.0,0.0,0,0,0,-8.789852793,0.0,0,0,0.0,-5.46e-05,0.0,0,0.0,0,0,0.017649112,0.017649112,0.017649112,0,0,0.0,0,0.529921356,0,0.0,0,0,0.0,0,-0.009860199,0,0,0,0,0,0,0.0,0.0,0.0,0,0,0.0,0,0,0,0,0,0,0
588,142,0,0,0,0,0,-0.470519315,0,0,0,0,0,-5.61e-05,0,0,0.0,0.01812342,0.0,0,0,0,0.0,0,0.0,0.0,0,0,0,0,0,0,0,0,0,0,0,0,0,0,0,0.0,0,0,0,0,0,0,0,0,0,0,0.0,0,-0.003483785,0,0,0,0.0,0,0,0,0.0,0,0,0,0,0,0,0,0,0,0,0,0,-5.61e-05,0,0,0,0.0,0,0,0,0,0,0.0,-0.004032947,0,0.0,0,0.0,0,0,-5.61e-05,4.512074409,0,0,0,0,0,0,0,0.0,0.0,0,0.0,0,0.0,0,0,0,0,0,0,0,0,-5.61e-05,0.0,0.0,0.0,0,0,0,0.0,0,0,0,0.0,0.0,0.0,0,0,-0.091166937,0,0.0,0.0,0,0.0,-0.734885179,-5.61e-05,0.0,-5.61e-05,0.043906603,0,0.0,0,-1.57e-05,0,0,0,0.0,-5.61e-05,0.0,0,0,-0.000112,0,0.0,0,0,0,0.0,0.0,0,0,0.0,0,0,0,0,0.0,-0.050811734,0,0,0.0,0.0,0.0,0,0,0.0,0,0.0,0.0,0,0,0,-8.960250794,0.0,0,0,0.0,-5.61e-05,0.0,0,0.0,0,0,0.01812342,0.01812342,0.01812342,0,0,0.0,0,0.544150588,0,0.0,0,0,0.0,0,-0.010125185,0,0,0,0,0,0,0.0,0.0,0.0,0,0,0.0,0,0,0,0,0,0,0
601,143,0,0,0,0,0,-0.479709986,0,0,0,0,0,-5.74e-05,0,0,0.0,0.018548546,0.0,0,0,0,0.0,0,0.0,0.0,0,0,0,0,0,0,0,0,0,0,0,0,0,0,0,0.0,0,0,0,0,0,0,0,0,0,0,0.0,0,-0.003565505,0,0,0,0.0,0,0,0,0.0,0,0,0,0,0,0,0,0,0,0,0,0,-5.74e-05,0,0,0,0.0,0,0,0,0,0,0.0,-0.004127549,0,0.0,0,0.0,0,0,-5.74e-05,4.603132069,0,0,0,0,0,0,0,0.0,0.0,0,0.0,0,0.0,0,0,0,0,0,0,0,0,-5.74e-05,0.0,0.0,0.0,0,0,0,0.0,0,0,0,0.0,0.0,0.0,0,0,-0.093323735,0,0.0,0.0,0,0.0,-0.741034444,-5.74e-05,0.0,-5.74e-05,0.044945667,0,0.0,0,-1.61e-05,0,0,0,0.0,-5.74e-05,0.0,0,0,-0.000115,0,0.0,0,0,0,0.0,0.0,0,0,0.0,0,0,0,0,0.0,-0.055696509,0,0,0.0,0.0,0.0,0,0,0.0,0,0.0,0.0,0,0,0,-9.114965952,0.0,0,0,0.0,-5.74e-05,0.0,0,0.0,0,0,0.018548546,0.018548546,0.018548546,0,0,0.0,0,0.556904376,0,0.0,0,0,0.0,0,-0.010362695,0,0,0,0,0,0,0.0,0.0,0.0,0,0,0.0,0,0,0,0,0,0,0
614,144,0,0,0,0,0,-0.48752184,0,0,0,0,0,-5.85e-05,0,0,0.0,0.018904759,0.0,0,0,0,0.0,0,0.0,0.0,0,0,0,0,0,0,0,0,0,0,0,0,0,0,0,0.0,0,0,0,0,0,0,0,0,0,0,0.0,0,-0.003633979,0,0,0,0.0,0,0,0,0.0,0,0,0,0,0,0,0,0,0,0,0,0,-5.85e-05,0,0,0,0.0,0,0,0,0,0,0.0,-0.004206816,0,0.0,0,0.0,0,0,-5.85e-05,4.68031717,0,0,0,0,0,0,0,0.0,0.0,0,0.0,0,0.0,0,0,0,0,0,0,0,0,-5.85e-05,0.0,0.0,0.0,0,0,0,0.0,0,0,0,0.0,0.0,0.0,0,0,-0.095130912,0,0.0,0.0,0,0.0,-0.746853059,-5.85e-05,0.0,-5.85e-05,0.045816297,0,0.0,0,-1.63e-05,0,0,0,0.0,-5.85e-05,0.0,0,0,-0.000117,0,0.0,0,0,0,0.0,0.0,0,0,0.0,0,0,0,0,0.0,-0.059567439,0,0,0.0,0.0,0.0,0,0,0.0,0,0.0,0.0,0,0,0,-9.247931822,0.0,0,0,0.0,-5.85e-05,0.0,0,0.0,0,0,0.018904759,0.018904759,0.018904759,0,0,0.0,0,0.567590751,0,0.0,0,0,0.0,0,-0.010561703,0,0,0,0,0,0,0.0,0.0,0.0,0,0,0.0,0,0,0,0,0,0,0
627,145,0,0,0,0,0,-0.49378189,0,0,0,0,0,-5.94e-05,0,0,0.0,0.01918369,0.0,0,0,0,0.0,0,0.0,0.0,0,0,0,0,0,0,0,0,0,0,0,0,0,0,0,0.0,0,0,0,0,0,0,0,0,0,0,0.0,0,-0.003687596,0,0,0,0.0,0,0,0,0.0,0,0,0,0,0,0,0,0,0,0,0,0,-5.94e-05,0,0,0,0.0,0,0,0,0,0,0.0,-0.004268885,0,0.0,0,0.0,0,0,-5.94e-05,4.741900758,0,0,0,0,0,0,0,0.0,0.0,0,0.0,0,0.0,0,0,0,0,0,0,0,0,-5.94e-05,0.0,0.0,0.0,0,0,0,0.0,0,0,0,0.0,0.0,0.0,0,0,-0.096546017,0,0.0,0.0,0,0.0,-0.752267267,-5.94e-05,0.0,-5.94e-05,0.046498042,0,0.0,0,-1.65e-05,0,0,0,0.0,-5.94e-05,0.0,0,0,-0.000119,0,0.0,0,0,0,0.0,0.0,0,0,0.0,0,0,0,0,0.0,-0.062312576,0,0,0.0,0.0,0.0,0,0,0.0,0,0.0,0.0,0,0,0,-9.356340282,0.0,0,0,0.0,-5.94e-05,0.0,0,0.0,0,0,0.01918369,0.01918369,0.01918369,0,0,0.0,0,0.575958696,0,0.0,0,0,0.0,0,-0.010717537,0,0,0,0,0,0,0.0,0.0,0.0,0,0,0.0,0,0,0,0,0,0,0
640,146,0,0,0,0,0,-0.498437639,0,0,0,0,0,-6e-05,0,0,0.0,0.019383239,0.0,0,0,0,0.0,0,0.0,0.0,0,0,0,0,0,0,0,0,0,0,0,0,0,0,0,0.0,0,0,0,0,0,0,0,0,0,0,0.0,0,-0.003725955,0,0,0,0.0,0,0,0,0.0,0,0,0,0,0,0,0,0,0,0,0,0,-6e-05,0,0,0,0.0,0,0,0,0,0,0.0,-0.00431329,0,0.0,0,0.0,0,0,-6e-05,4.787376159,0,0,0,0,0,0,0,0.0,0.0,0,0.0,0,0.0,0,0,0,0,0,0,0,0,-6e-05,0.0,0.0,0.0,0,0,0,0.0,0,0,0,0.0,0.0,0.0,0,0,-0.097558387,0,0.0,0.0,0,0.0,-0.757204311,-6e-05,0.0,-6e-05,0.046985764,0,0.0,0,-1.67e-05,0,0,0,0.0,-6e-05,0.0,0,0,-0.00012,0,0.0,0,0,0,0.0,0.0,0,0,0.0,0,0,0,0,0.0,-0.06392187,0,0,0.0,0.0,0.0,0,0,0.0,0,0.0,0.0,0,0,0,-9.439214703,0.0,0,0,0.0,-6e-05,0.0,0,0.0,0,0,0.019383239,0.019383239,0.019383239,0,0,0.0,0,0.581945146,0,0.0,0,0,0.0,0,-0.01082902,0,0,0,0,0,0,0.0,0.0,0.0,0,0,0.0,0,0,0,0,0,0,0
653,147,0,0,0,0,0,-0.501524641,0,0,0,0,0,-6.04e-05,0,0,0.0,0.019505468,0.0,0,0,0,0.0,0,0.0,0.0,0,0,0,0,0,0,0,0,0,0,0,0,0,0,0,0.0,0,0,0,0,0,0,0,0,0,0,0.0,0,-0.00374945,0,0,0,0.0,0,0,0,0.0,0,0,0,0,0,0,0,0,0,0,0,0,-6.04e-05,0,0,0,0.0,0,0,0,0,0,0.0,-0.00434049,0,0.0,0,0.0,0,0,-6.04e-05,4.817049573,0,0,0,0,0,0,0,0.0,0.0,0,0.0,0,0.0,0,0,0,0,0,0,0,0,-6.04e-05,0.0,0.0,0.0,0,0,0,0.0,0,0,0,0.0,0.0,0.0,0,0,-0.098178495,0,0.0,0.0,0,0.0,-0.761587012,-6.04e-05,0.0,-6.04e-05,0.047284508,0,0.0,0,-3.78e-05,0,0,0,0.0,-6.04e-05,0.0,0,0,-0.000121,0,0.0,0,0,0,0.0,0.0,0,0,0.0,0,0,0,0,0.0,-0.064437179,0,0,0.0,0.0,0.0,0,0,0.0,0,0.0,0.0,0,0,0,-9.496759784,0.0,0,0,0.0,-6.04e-05,0.0,0,0.0,0,0,0.019505468,0.019505468,0.019505468,0,0,0.0,0,0.585580342,0,0.0,0,0,0.0,0,-0.010897307,0,0,0,0,0,0,0.0,0.0,0.0,0,0,0.0,0,0,0,0,0,0,0
666,148,0,0,0,0,0,-0.503021188,0,0,0,0,0,-6.05e-05,0,0,0.0,0.0195508,0.0,0,0,0,0.0,0,0.0,0.0,0,0,0,0,0,0,0,0,0,0,0,0,0,0,0,0.0,0,0,0,0,0,0,0,0,0,0,0.0,0,-0.003758164,0,0,0,0.0,0,0,0,0.0,0,0,0,0,0,0,0,0,0,0,0,0,-6.05e-05,0,0,0,0.0,0,0,0,0,0,0.0,-0.004350577,0,0.0,0,0.0,0,0,-6.05e-05,4.83089144,0,0,0,0,0,0,0,0.0,0.0,0,0.0,0,0.0,0,0,0,0,0,0,0,0,-6.05e-05,0.0,0.0,0.0,0,0,0,0.0,0,0,0,0.0,0.0,0.0,0,0,-0.098408479,0,0.0,0.0,0,0.0,-0.765341974,-6.05e-05,0.0,-6.05e-05,0.047395306,0,0.0,0,-3.77e-05,0,0,0,0.0,-6.05e-05,0.0,0,0,-0.000121,0,0.0,0,0,0,0.0,0.0,0,0,0.0,0,0,0,0,0.0,-0.063924988,0,0,0.0,0.0,0.0,0,0,0.0,0,0.0,0.0,0,0,0,-9.528753302,0.0,0,0,0.0,-6.05e-05,0.0,0,0.0,0,0,0.0195508,0.0195508,0.0195508,0,0,0.0,0,0.586940298,0,0.0,0,0,0.0,0,-0.010922633,0,0,0,0,0,0,0.0,0.0,0.0,0,0,0.0,0,0,0,0,0,0,0
679,149,0,0,0,0,0,-0.503021109,0,0,0,0,0,-6.05e-05,0,0,0.0,0.019524062,0.0,0,0,0,0.0,0,0.0,0.0,0,0,0,0,0,0,0,0,0,0,0,0,0,0,0,0.0,0,0,0,0,0,0,0,0,0,0,0.0,0,-0.003753024,0,0,0,0.0,0,0,0,0.0,0,0,0,0,0,0,0,0,0,0,0,0,-6.05e-05,0,0,0,0.0,0,0,0,0,0,0.0,-0.004344627,0,0.0,0,0.0,0,0,-6.05e-05,4.829788133,0,0,0,0,0,0,0,0.0,0.0,0,0.0,0,0.0,0,0,0,0,0,0,0,0,-6.05e-05,0.0,0.0,0.0,0,0,0,0.0,0,0,0,0.0,0.0,0.0,0,0,-0.098272828,0,0.0,0.0,0,0.0,-0.768423783,-6.05e-05,0.0,-6.05e-05,0.047329955,0,0.0,0,-3.69e-05,0,0,0,0.0,-6.05e-05,0.0,0,0,-0.000121,0,0.0,0,0,0,0.0,0.0,0,0,0.0,0,0,0,0,0.0,-0.062461841,0,0,0.0,0.0,0.0,0,0,0.0,0,0.0,0.0,0,0,0,-9.536362254,0.0,0,0,0.0,-6.05e-05,0.0,0,0.0,0,0,0.019524062,0.019524062,0.019524062,0,0,0.0,0,0.586138159,0,0.0,0,0,0.0,0,-0.010907695,0,0,0,0,0,0,0.0,0.0,0.0,0,0,0.0,0,0,0,0,0,0,0
813,150,0,0,0,0,0,-0.501602178,0,0,0,0,0,-6.02e-05,0,0,0.0,0.019429545,0.0,0,0,0,0.0,0,0.0,0.0,0,0,0,0,0,0,0,0,0,0,0,0,0,0,0,0.0,0,0,0,0,0,0,0,0,0,0,0.0,0,-0.003734856,0,0,0,0.0,0,0,0,0.0,0,0,0,0,0,0,0,0,0,0,0,0,-6.02e-05,0,0,0,0.0,0,0,0,0,0,0.0,-0.004323595,0,0.0,0,0.0,0,0,-6.02e-05,4.814538778,0,0,0,0,0,0,0,0.0,0.0,0,0.0,0,0.0,0,0,0,0,0,0,0,0,-6.02e-05,0.0,0.0,0.0,0,0,0,0.0,0,0,0,0.0,0.0,0.0,0,0,-0.097793314,0,0.0,0.0,0,0.0,-0.770802084,-6.02e-05,0.0,-6.02e-05,0.047098943,0,0.0,0,-3.78e-05,0,0,0,0.0,-6.02e-05,0.0,0,0,-0.00012,0,0.0,0,0,0,0.0,0.0,0,0,0.0,0,0,0,0,0.0,-0.060127016,0,0,0.0,0.0,0.0,0,0,0.0,0,0.0,0.0,0,0,0,-9.520696021,0.0,0,0,0.0,-6.02e-05,0.0,0,0.0,0,0,0.019429545,0.019429545,0.019429545,0,0,0.0,0,0.583302646,0,0.0,0,0,0.0,0,-0.01085489,0,0,0,0,0,0,0.0,0.0,0.0,0,0,0.0,0,0,0,0,0,0,0
826,151,0,0,0,0,0,-0.498827045,0,0,0,0,0,-5.97e-05,0,0,0.0,0.019270776,0.0,0,0,0,0.0,0,0.0,0.0,0,0,0,0,0,0,0,0,0,0,0,0,0,0,0,0.0,0,0,0,0,0,0,0,0,0,0,0.0,0,-0.003704336,0,0,0,0.0,0,0,0,0.0,0,0,0,0,0,0,0,0,0,0,0,0,-5.97e-05,0,0,0,0.0,0,0,0,0,0,0.0,-0.004288264,0,0.0,0,0.0,0,0,-5.97e-05,4.785790076,0,0,0,0,0,0,0,0.0,0.0,0,0.0,0,0.0,0,0,0,0,0,0,0,0,-5.97e-05,0.0,0.0,0.0,0,0,0,0.0,0,0,0,0.0,0.0,0.0,0,0,-0.096987832,0,0.0,0.0,0,0.0,-0.772448416,-5.97e-05,0.0,-5.97e-05,0.046710892,0,0.0,0,-3.82e-05,0,0,0,0.0,-5.97e-05,0.0,0,0,-0.000119,0,0.0,0,0,0,0.0,0.0,0,0,0.0,0,0,0,0,0.0,-0.056988274,0,0,0.0,0.0,0.0,0,0,0.0,0,0.0,0.0,0,0,0,-9.482632238,0.0,0,0,0.0,-5.97e-05,0.0,0,0.0,0,0,0.019270776,0.019270776,0.019270776,0,0,0.0,0,0.578539593,0,0.0,0,0,0.0,0,-0.01076619,0,0,0,0,0,0,0.0,0.0,0.0,0,0,0.0,0,0,0,0,0,0,0
839,152,0,0,0,0,0,-0.494758184,0,0,0,0,0,-5.9e-05,0,0,0.0,0.019051114,0.0,0,0,0,0.0,0,0.0,0.0,0,0,0,0,0,0,0,0,0,0,0,0,0,0,0,0.0,0,0,0,0,0,0,0,0,0,0,0.0,0,-0.003662112,0,0,0,0.0,0,0,0,0.0,0,0,0,0,0,0,0,0,0,0,0,0,-5.9e-05,0,0,0,0.0,0,0,0,0,0,0.0,-0.004239384,0,0.0,0,0.0,0,0,-5.9e-05,4.744180283,0,0,0,0,0,0,0,0.0,0.0,0,0.0,0,0.0,0,0,0,0,0,0,0,0,-5.9e-05,0.0,0.0,0.0,0,0,0,0.0,0,0,0,0.0,0.0,0.0,0,0,-0.095873418,0,0.0,0.0,0,0.0,-0.773350426,-5.9e-05,0.0,-5.9e-05,0.046174009,0,0.0,0,-3.83e-05,0,0,0,0.0,-5.9e-05,0.0,0,0,-0.000118,0,0.0,0,0,0,0.0,0.0,0,0,0.0,0,0,0,0,0.0,-0.053104433,0,0,0.0,0.0,0.0,0,0,0.0,0,0.0,0.0,0,0,0,-9.423089136,0.0,0,0,0.0,-5.9e-05,0.0,0,0.0,0,0,0.019051114,0.019051114,0.019051114,0,0,0.0,0,0.571949733,0,0.0,0,0,0.0,0,-0.010643469,0,0,0,0,0,0,0.0,0.0,0.0,0,0,0.0,0,0,0,0,0,0,0
852,153,0,0,0,0,0,-0.48938364,0,0,0,0,0,-5.81e-05,0,0,0.0,0.018771024,0.0,0,0,0,0.0,0,0.0,0.0,0,0,0,0,0,0,0,0,0,0,0,0,0,0,0,0.0,0,0,0,0,0,0,0,0,0,0,0.0,0,-0.003608271,0,0,0,0.0,0,0,0,0.0,0,0,0,0,0,0,0,0,0,0,0,0,-5.81e-05,0,0,0,0.0,0,0,0,0,0,0.0,-0.004177056,0,0.0,0,0.0,0,0,-5.81e-05,4.688116338,0,0,0,0,0,0,0,0.0,0.0,0,0.0,0,0.0,0,0,0,0,0,0,0,0,-5.81e-05,0.0,0.0,0.0,0,0,0,0.0,0,0,0,0.0,0.0,0.0,0,0,-0.091022523,0,0.0,0.0,0,0.0,-0.773501739,-5.81e-05,0.0,-5.81e-05,0.043774477,0,0.0,0,-1.84e-05,0,0,0,0.0,-5.81e-05,0.0,0,0,-0.000116,0,0.0,0,0,0,0.0,0.0,0,0,0.0,0,0,0,0,0.0,-0.048524867,0,0,0.0,0.0,0.0,0,0,0.0,0,0.0,0.0,0,0,0,-9.340673849,0.0,0,0,0.0,-5.81e-05,0.0,0,0.0,0,0,0.018771024,0.018771024,0.018771024,0,0,0.0,0,0.563646193,0,0.0,0,0,0.0,0,-0.010486988,0,0,0,0,0,0,0.0,0.0,0.0,0,0,0.0,0,0,0,0,0,0,0
865,154,0,0,0,0,0,-0.482903635,0,0,0,0,0,-5.71e-05,0,0,0.0,0.018438874,0.0,0,0,0,0.0,0,0.0,0.0,0,0,0,0,0,0,0,0,0,0,0,0,0,0,0,0.0,0,0,0,0,0,0,0,0,0,0,0.0,0,-0.003544424,0,0,0,0.0,0,0,0,0.0,0,0,0,0,0,0,0,0,0,0,0,0,-5.71e-05,0,0,0,0.0,0,0,0,0,0,0.0,-0.004103144,0,0.0,0,0.0,0,0,-5.71e-05,4.622578384,0,0,0,0,0,0,0,0.0,0.0,0,0.0,0,0.0,0,0,0,0,0,0,0,0,-5.71e-05,0.0,0.0,0.0,0,0,0,0.0,0,0,0,0.0,0.0,0.0,0,0,-0.089337425,0,0.0,0.0,0,0.0,-0.77290091,-5.71e-05,0.0,-5.71e-05,0.04296266,0,0.0,0,-1.83e-05,0,0,0,0.0,-5.71e-05,0.0,0,0,-0.000114,0,0.0,0,0,0,0.0,0.0,0,0,0.0,0,0,0,0,0.0,-0.043307143,0,0,0.0,0.0,0.0,0,0,0.0,0,0.0,0.0,0,0,0,-9.240814225,0.0,0,0,0.0,-5.71e-05,0.0,0,0.0,0,0,0.018438874,0.018438874,0.018438874,0,0,0.0,0,0.553681705,0,0.0,0,0,0.0,0,-0.010301423,0,0,0,0,0,0,0.0,0.0,0.0,0,0,0.0,0,0,0,0,0,0,0
878,155,0,0,0,0,0,-0.477563545,0,0,0,0,0,-5.63e-05,0,0,0.0,0.018171426,-4.32e-09,0,0,0,0.0,0,0.0,0.0,0,0,0,0,0,0,0,0,0,0,0,0,0,0,0,0.0,0,0,0,0,0,0,0,0,0,0,0.0,0,-0.003493013,0,0,0,0.0,0,0,0,0.0,0,0,0,0,0,0,0,0,0,0,0,0,-5.63e-05,0,0,0,0.0,0,0,0,0,0,0.0,-0.00404363,0,0.0,0,0.0,0,0,-5.63e-05,4.570338984,0,0,0,0,0,0,0,0.0,0.0,0,0.0,0,0.0,0,0,0,0,0,0,0,0,-5.63e-05,0.0,0.0,0.0,0,0,0,0.0,0,0,0,0.0,0.0,0.0,0,0,-0.091410488,0,0.0,0.0,0,0.0,-0.771560774,-5.63e-05,0.0,-5.63e-05,0.044023937,0,0.0,0,-3.84e-05,0,0,0,0.0,-5.63e-05,0.0,0,0,-0.000113,0,0.0,0,0,0,0.0,0.0,0,0,0.0,0,0,0,0,0.0,-0.039350521,0,0,0.0,0.0,0.0,0,0,0.0,0,0.0,0.0,0,0,0,-9.157614734,0.0,0,0,0.0,-5.63e-05,0.0,0,0.0,0,0,0.018171426,0.018171426,0.018171426,0,0,0.0,0,0.545556244,0,0.0,0,0,0.0,0,-0.010152005,0,0,0,0,0,0,0.0,0.0,0.0,0,0,0.0,0,0,0,0,0,0,0
891,156,0,0,0,0,0,-0.474007549,0,0,0,0,0,-5.57e-05,0,0,0.0,0.01800346,-2.18e-09,0,0,0,0.0,0,0.0,0.0,0,0,0,0,0,0,0,0,0,0,0,0,0,0,0,0.0,0,0,0,0,0,0,0,0,0,0,0.0,0,-0.003460726,0,0,0,0.0,0,0,0,0.0,0,0,0,0,0,0,0,0,0,0,0,0,-5.57e-05,0,0,0,0.0,0,0,0,0,0,0.0,-0.004006253,0,0.0,0,0.0,0,0,-5.57e-05,4.534964048,0,0,0,0,0,0,0,0.0,0.0,0,0.0,0,0.0,0,0,0,0,0,0,0,0,-5.57e-05,0.0,0.0,0.0,0,0,0,0.0,0,0,0,0.0,0.0,0.0,0,0,-0.090558343,0,0.0,0.0,0,0.0,-0.76958217,-5.57e-05,0.0,-5.57e-05,0.043613405,0,0.0,0,-3.86e-05,0,0,0,0.0,-5.57e-05,0.0,0,0,-0.000111,0,0.0,0,0,0,0.0,0.0,0,0,0.0,0,0,0,0,0.0,-0.037270132,0,0,0.0,0.0,0.0,0,0,0.0,0,0.0,0.0,0,0,0,-9.098743259,0.0,0,0,0.0,-5.57e-05,0.0,0,0.0,0,0,0.01800346,0.01800346,0.01800346,0,0,0.0,0,0.540517254,0,0.0,0,0,0.0,0,-0.010058166,0,0,0,0,0,0,0.0,0.0,0.0,0,0,0.0,0,0,0,0,0,0,0
904,157,0,0,0,0,0,-0.471156782,0,0,0,0,0,-5.54e-05,0,0,0.0,0.017876964,-1.11e-09,0,0,0,0.0,0,0.0,0.0,0,0,0,0,0,0,0,0,0,0,0,0,0,0,0,0.0,0,0,0,0,0,0,0,0,0,0,0.0,0,-0.00343641,0,0,0,0.0,0,0,0,0.0,0,0,0,0,0,0,0,0,0,0,0,0,-5.54e-05,0,0,0,0.0,0,0,0,0,0,0.0,-0.003978104,0,0.0,0,0.0,0,0,-5.54e-05,4.506941201,0,0,0,0,0,0,0,0.0,0.0,0,0.0,0,0.0,0,0,0,0,0,0,0,0,-5.54e-05,0.0,0.0,0.0,0,0,0,0.0,0,0,0,0.0,0.0,0.0,0,0,-0.08991659,0,0.0,0.0,0,0.0,-0.767055589,-5.54e-05,0.0,-5.54e-05,0.043304233,0,0.0,0,-3.88e-05,0,0,0,0.0,-5.54e-05,0.0,0,0,-0.000111,0,0.0,0,0,0,0.0,0.0,0,0,0.0,0,0,0,0,0.0,-0.036048862,0,0,0.0,0.0,0.0,0,0,0.0,0,0.0,0.0,0,0,0,-9.049224819,0.0,0,0,0.0,-5.54e-05,0.0,0,0.0,0,0,0.017876964,0.017876964,0.017876964,0,0,0.0,0,0.53672238,0,0.0,0,0,0.0,0,-0.009987495,0,0,0,0,0,0,0.0,0.0,0.0,0,0,0.0,0,0,0,0,0,0,0
917,158,0,0,0,0,0,-0.468512007,0,0,0,0,0,-5.5e-05,0,0,0.0,0.017765066,-5.66e-10,0,0,0,0.0,0,0.0,0.0,0,0,0,0,0,0,0,0,0,0,0,0,0,0,0,0.0,0,0,0,0,0,0,0,0,0,0,0.0,0,-0.0034149,0,0,0,0.0,0,0,0,0.0,0,0,0,0,0,0,0,0,0,0,0,0,-5.5e-05,0,0,0,0.0,0,0,0,0,0,0.0,-0.003953203,0,0.0,0,0.0,0,0,-5.5e-05,4.481168292,0,0,0,0,0,0,0,0.0,0.0,0,0.0,0,0.0,0,0,0,0,0,0,0,0,-5.5e-05,0.0,0.0,0.0,0,0,0,0.0,0,0,0,0.0,0.0,0.0,0,0,-0.089348895,0,0.0,0.0,0,0.0,-0.764082642,-5.5e-05,0.0,-5.5e-05,0.043030739,0,0.0,0,-3.9e-05,0,0,0,0.0,-5.5e-05,0.0,0,0,-0.00011,0,0.0,0,0,0,0.0,0.0,0,0,0.0,0,0,0,0,0.0,-0.035214492,0,0,0.0,0.0,0.0,0,0,0.0,0,0.0,0.0,0,0,0,-9.001731222,0.0,0,0,0.0,-5.5e-05,0.0,0,0.0,0,0,0.017765066,0.017765066,0.017765066,0,0,0.0,0,0.53336543,0,0.0,0,0,0.0,0,-0.00992498,0,0,0,0,0,0,0.0,0.0,0.0,0,0,0.0,0,0,0,0,0,0,0
929,159,0,0,0,0,0,-0.465688156,0,0,0,0,0,-5.47e-05,0,0,0.0,0.017649753,-2.92e-10,0,0,0,0.0,0,0.0,0.0,0,0,0,0,0,0,0,0,0,0,0,0,0,0,0,0.0,0,0,0,0,0,0,0,0,0,0,0.0,0,-0.003392734,0,0,0,0.0,0,0,0,0.0,0,0,0,0,0,0,0,0,0,0,0,0,-5.47e-05,0,0,0,0.0,0,0,0,0,0,0.0,-0.003927543,0,0.0,0,0.0,0,0,-5.47e-05,4.453821971,0,0,0,0,0,0,0,0.0,0.0,0,0.0,0,0.0,0,0,0,0,0,0,0,0,-5.47e-05,0.0,0.0,0.0,0,0,0,0.0,0,0,0,0.0,0.0,0.0,0,0,-0.088763879,0,0.0,0.0,0,0.0,-0.760428607,-5.47e-05,0.0,-5.47e-05,0.0427489,0,0.0,0,-3.93e-05,0,0,0,0.0,-5.47e-05,0.0,0,0,-0.000109,0,0.0,0,0,0,0.0,0.0,0,0,0.0,0,0,0,0,0.0,-0.034551415,0,0,0.0,0.0,0.0,0,0,0.0,0,0.0,0.0,0,0,0,-8.949837055,0.0,0,0,0.0,-5.47e-05,0.0,0,0.0,0,0,0.017649753,0.017649753,0.017649753,0,0,0.0,0,0.529906051,0,0.0,0,0,0.0,0,-0.009860557,0,0,0,0,0,0,0.0,0.0,0.0,0,0,0.0,0,0,0,0,0,0,0
1081,160,0,0,0,0,0,-0.462773523,0,0,0,0,0,-5.43e-05,0,0,0.0,0.017532479,-1.52e-10,0,0,0,0.0,0,0.0,0.0,0,0,0,0,0,0,0,0,0,0,0,0,0,0,0,0.0,0,0,0,0,0,0,0,0,0,0,0.0,0,-0.003370191,0,0,0,0.0,0,0,0,0.0,0,0,0,0,0,0,0,0,0,0,0,0,-5.43e-05,0,0,0,0.0,0,0,0,0,0,0.0,-0.003901447,0,0.0,0,0.0,0,0,-5.43e-05,4.425668503,0,0,0,0,0,0,0,0.0,0.0,0,0.0,0,0.0,0,0,0,0,0,0,0,0,-5.43e-05,0.0,0.0,0.0,0,0,0,0.0,0,0,0,0.0,0.0,0.0,0,0,-0.088168911,0,0.0,0.0,0,0.0,-0.756455994,-5.43e-05,0.0,-5.43e-05,0.042462267,0,0.0,0,-3.96e-05,0,0,0,0.0,-5.43e-05,0.0,0,0,-0.000109,0,0.0,0,0,0,0.0,0.0,0,0,0.0,0,0,0,0,0.0,-0.033962563,0,0,0.0,0.0,0.0,0,0,0.0,0,0.0,0.0,0,0,0,-8.895777759,0.0,0,0,0.0,-5.43e-05,0.0,0,0.0,0,0,0.017532479,0.017532479,0.017532479,0,0,0.0,0,0.526387831,0,0.0,0,0,0.0,0,-0.009795039,0,0,0,0,0,0,0.0,0.0,0.0,0,0,0.0,0,0,0,0,0,0,0
