,cycle,cpd01080,cpd00264,cpd00161,cpd00149,cpd00011,cpd00063,cpd00205,cpd00035,cpd00276,cpd00041,cpd00064,cpd00069,cpd00132,cpd00239,cpd00092,cpd00058,cpd00030,cpd00027,cpd04450,cpd00001,cpd00033,cpd00156,cpd00138,cpd00254,cpd00029,cpd00067,cpd00051,cpd15378,cpd00039,cpd00116,cpd00012,cpd00244,cpd01034,cpd00023,cpd00034,cpd10516,cpd00971,cpd00020,cpd10515,cpd04383,cpd00066,cpd00128,cpd00226,cpd00084,cpd00438,cpd00129,cpd00106,cpd00644,cpd00013,cpd00220,cpd01024,cpd01007,cpd00528,cpd00099,cpd00053,cpd00009,cpd00118,cpd00322,cpd00047,cpd00107,cpd00131,cpd00229,cpd00060,cpd00054,cpd00082,cpd00119,cpd00218,cpd00048,cpd00065
0,40,0.004787416,0.0,0.0,2499.999722,1.340216608,2499.999722,2499.999722,0.0,0.0,0.0,0.0,0.0,0.0,2500.265034,0.0,2499.999723,2499.999722,11.09118217,0.778385981,2504.239742,0.0,0.0,0.0,2499.999722,1.894175801,9989.78377,0.0,2.91e-05,0.0,4.237003506,0.09311587,2500.0,0.070159994,0.0,2499.999722,2499.999621,2500,0.0,2499.999267,0.248662969,0.0,0.0,0.0,0.0,0.0,0.000793,0.0,0.0,499999.5976,0.0,0.272638262,0.113481352,2499.995712,2499.999722,0.0,499999.7658,8.53e-05,0.0,7e-05,0.068001895,2500.0,3.86e-05,0.00022,0.0,0.0,0.0,1.96e-06,2499.725319,0.0
1,41,0.01093506,0.035084896,0.224150007,2499.999392,1.805755736,2499.999392,2499.99939,0.222627584,0.050628216,0.195947418,0.0,0.239182934,0.222035624,2500.519842,0.0,2499.999395,2499.999393,9.534933831,0.725235805,2508.135487,0.381280539,0.226825528,0.0,2499.999392,3.926480989,9978.884787,0.221288894,7.07e-05,0.237124939,8.500782628,0.178479061,2499.999997,0.069508437,0.154115331,2499.999393,2499.99915,2500,0.004368069,2499.998418,0.246353705,0.241829469,0.0,0.007524522,0.24160752,0.0,0.185529422,0.008074105,0.000412,499999.5549,0.0,0.322136264,0.105732556,2499.98622,2499.99939,0.172314074,499999.5362,0.001794806,0.321616392,0.000143,0.318253369,2499.999997,9.85e-05,0.155623807,0.238876009,0.0,0.191567683,3.8e-06,2499.54854,0.240794694
2,42,0.018647704,0.068982255,0.422420321,2499.999024,2.276712965,2499.999024,2499.999023,0.415356135,0.117567824,0.415594622,0.0,0.464781564,0.416180735,2500.818268,0.0,2499.999032,2499.999029,8.057549763,0.678910193,2512.311905,0.682418332,0.43073119,0.0,2499.999024,5.958689564,9967.701483,0.425592309,0.000121,0.459506853,12.56078091,0.26143735,2499.999993,0.068879928,0.259456908,2499.999029,2499.998796,2500,0.009758471,2499.997303,0.244126126,0.474169271,0.0,0.018390539,0.471961155,0.0,0.318627996,0.021304731,0.000801,499999.6583,0.0,0.419138351,0.098978718,2499.971638,2499.999022,0.33222376,499999.3036,0.030218173,0.636321183,0.000135,0.564696479,2499.999993,0.000173,0.247487878,0.462347539,0.0,0.365825303,5.23e-06,2499.379516,0.47053275
3,43,0.027912578,0.100260204,0.598722312,2499.998665,2.710233604,2499.998665,2499.998665,0.587086213,0.185648201,0.625335229,0.0,0.677973894,0.583349524,2501.14256,0.0,2499.99868,2499.998677,6.832761397,0.638374027,2516.351713,0.937039855,0.615270518,0.0,2499.998665,7.726736705,9957.152971,0.607569245,0.000172,0.669042707,16.02122235,0.34408443,2499.999987,0.068273809,0.355709314,2499.998677,2499.99844,2500,0.016106436,2499.996233,0.241977901,0.698844651,0.0,0.032365789,0.692356983,0.0,0.417635459,0.038486146,0.001189022,499999.9117,0.0,0.564918738,0.093068926,2499.951892,2499.998664,0.488748083,499999.0725,0.076755405,0.939086509,0.000144,0.807470089,2499.999987,0.000249,0.29863027,0.671112931,0.0,0.531222678,6.12e-06,2499.215545,0.690566281
4,44,0.038446648,0.129774716,0.756039274,2499.998318,3.111662817,2499.998318,2499.998318,0.740409047,0.252102041,0.820880708,0.0,0.879451017,0.729141245,2501.482666,0.0,2499.998341,2499.998337,5.831628125,0.602747165,2520.351784,1.183361883,0.781570637,0.0,2499.998318,9.154470913,9947.098326,0.776532951,0.000222,0.866551974,18.99919139,0.427102503,2499.99998,0.067688872,0.457229877,2499.998338,2499.998102,2500,0.02263926,2499.995187,0.239904752,0.916881208,0.0,0.052937095,0.903591476,0.0,0.492925471,0.05897328,0.001542453,500000.2305,0.0,0.756103023,0.087874865,2499.927147,2499.998316,0.618749787,499998.842,0.13588359,1.232170138,0.000197,1.048549237,2499.99998,0.000321,0.32383423,0.875365769,0.0,0.690269133,6.28e-06,2499.052666,0.90162202
5,45,0.049914422,0.157796189,0.896758458,2499.997977,3.485401449,2499.997977,2499.997978,0.875706882,0.316058796,1.009543311,0.0,1.069695096,0.855433618,2501.83062,0.0,2499.99801,2499.998005,5.007899729,0.571311209,2524.369301,1.424414795,0.93212465,0.0,2499.997977,10.29934289,9937.422057,0.933015689,0.000271,1.052533005,21.58969141,0.508991245,2499.99997,0.067123975,0.55942009,2499.998008,2499.997769,2500,0.029616403,2499.994167,0.23790263,1.129023175,0.0,0.079950927,1.106273957,0.0,0.550978534,0.082371679,0.001883933,500000.5994,0.0,0.988218605,0.083291799,2499.897655,2499.997975,0.725905627,499998.6148,0.203043703,1.517856369,0.000183,1.286688641,2499.99997,0.00039,0.332731503,1.068349283,0.0,0.843470379,6.07e-06,2498.889734,1.104275364
6,46,0.061031091,0.184475502,1.022827553,2499.997644,3.834612236,2499.997644,2499.997646,0.991057492,0.376642312,1.19238189,0.0,1.249102379,0.966499196,2502.182495,0.0,2499.997689,2499.997683,4.33295906,0.543472008,2528.344204,1.661633747,1.069355443,0.0,2499.997644,11.21928861,9928.070452,1.077734328,0.00032,1.227386136,23.86457354,0.593705615,2499.99996,0.066578135,0.659070348,2499.997686,2499.99745,2500,0.037372908,2499.993166,0.235968047,1.335950284,0.0,0.113049653,1.300949296,0.0,0.596459522,0.108141204,0.002217719,500001.0088,0.0,1.233564837,0.079233105,2499.863891,2499.997643,0.81365816,499998.3829,0.274856928,1.798483669,0.000186,1.520759048,2499.99996,0.000457,0.331610588,1.250474768,0.0,0.990857927,5.7e-06,2498.725025,1.29906399
7,47,0.0718002,0.209997072,1.135836199,2499.997317,4.163022808,2499.997317,2499.997319,1.0877236,0.433516503,1.364765838,0.0,1.418026057,1.067667677,2502.534533,0.0,2499.997374,2499.997367,3.78141825,0.518735469,2532.309695,1.895770245,1.194616483,0.0,2499.997317,11.94320801,9918.96692,1.211495351,0.000367,1.391385686,25.88082451,0.679400605,2499.999948,0.066050843,0.75374494,2499.997371,2499.997141,2500,0.045939384,2499.992177,0.234099204,1.538246475,0.0,0.152162596,1.488101041,0.0,0.632601273,0.136249521,0.002549019,500001.4464,0.0,1.49144089,0.07562675,2499.825987,2499.997315,0.884306,499998.1496,0.348907239,2.075330394,0.000201,1.750234301,2499.999948,0.000522,0.324521998,1.42211763,0.0,1.132467258,5.3e-06,2498.558667,1.486470027
8,48,0.086035108,0.234516913,1.237074524,2499.996991,4.47365575,2499.996991,2499.996994,1.166931123,0.479880745,1.52703349,0.0,1.576770867,1.158934691,2502.884377,0.0,2499.997061,2499.997054,3.328643625,1.300462862,2536.292848,2.08085721,1.309253078,0.0,2499.996991,12.50700313,9909.950284,1.338229946,0.000415,1.544675732,27.68458968,0.766102545,2499.999936,0.135830526,0.83403848,2499.997058,2499.996836,2500,0.05527549,2499.99119,0.481414267,1.736469834,0.0,0.197157564,1.668179987,0.0,0.661740444,0.16853205,0.002881474,500001.7766,0.0,1.761441137,0.189616798,2499.783975,2499.996989,0.939717981,499997.9139,0.487549987,2.349650094,0.000236,1.974485597,2499.999936,0.000585,0.314081177,1.631306993,0.0,1.268380736,5.17e-06,2498.39072,1.6669414
9,49,0.099742714,0.258155166,1.330020154,2499.996664,4.768109798,2499.996664,2499.996668,1.229901272,0.52350886,1.679503916,0.0,1.725653238,1.238437408,2503.229889,0.0,2499.996749,2499.99674,2.954452631,1.248821626,2540.319198,2.260472499,1.426605391,0.0,2499.996664,12.94153248,9901.100631,1.456428159,0.000463,1.687558001,29.3085967,0.845828765,2499.999922,0.13480872,0.899577026,2499.996746,2499.996535,2500,0.065030962,2499.990198,0.477792754,1.931228382,0.0,0.247747681,1.841654807,0.0,0.685816831,0.206351654,0.00321931,500002.1405,0.0,2.043552479,0.182087136,2499.737889,2499.996663,0.981358164,499997.6916,0.61798028,2.624741231,0.000221,2.181052353,2499.999922,0.000648,0.301974351,1.835811806,0.0,1.398792123,4.92e-06,2498.222087,1.840935239
10,50,0.11296338,0.281007199,1.416307785,2499.996335,5.048405695,2499.996335,2499.996341,1.277818494,0.565015065,1.822435878,0.0,1.864924644,1.30490784,2503.570098,0.0,2499.996435,2499.996426,2.643560105,1.202502663,2544.38389,2.433443628,1.537000304,0.0,2499.996335,13.27085161,9892.414278,1.567905048,0.00051,1.820186661,30.77935242,0.891330043,2499.999908,0.133819815,0.951031529,2499.996432,2499.996234,2500,0.074845427,2499.989198,0.474287851,2.123103032,0.0,0.303742322,2.008949871,0.0,0.705887227,0.250083513,0.003564719,500002.5363,0.0,2.337894556,0.175333499,2499.687845,2499.996334,1.010419412,499997.5369,0.740171835,2.900007207,0.000213,2.380340475,2499.999908,0.00071,0.289251902,2.032089338,0.0,1.523929818,4.63e-06,2498.053064,2.00886805
11,51,0.125721402,0.303147432,1.495085062,2499.996002,5.316111184,2499.996002,2499.996009,1.311851894,0.603359964,1.956048336,0.0,2.00457139,1.358610538,2503.905845,0.0,2499.996118,2499.996107,2.384170102,1.160855617,2548.514577,2.599039097,1.650868182,0.0,2499.996002,13.5141418,9883.85336,1.672761121,0.000557,1.942675076,32.1175176,0.91913988,2499.999894,0.132863274,0.989134927,2499.996115,2499.995931,2500,0.084374152,2499.988183,0.470897652,2.302874992,0.0,0.365420437,2.170459914,0.0,0.72274427,0.298793347,0.003919224,500002.9572,0.0,2.644093496,0.169261062,2499.63377,2499.996001,1.027889741,499997.4161,0.854312198,3.168392735,0.000218,2.572301508,2499.999894,0.000772,0.276545921,2.224093218,0.0,1.644047762,4.34e-06,2497.882519,2.171131757
12,52,0.13803547,0.32466055,1.56624375,2499.995664,5.572389699,2499.995664,2499.995671,1.333174194,0.639985217,2.080527813,0.0,2.157515619,1.399962867,2504.235926,0.0,2499.995796,2499.995785,2.167002769,1.123324331,2552.732601,2.756787243,1.759603661,0.0,2499.995664,13.686921,9875.38722,1.773045587,0.000603,2.059553317,33.33919172,0.946337659,2499.999878,0.131938561,1.014679604,2499.995793,2499.995625,2500,0.093271716,2499.987152,0.467620259,2.458388104,0.0,0.43253464,2.326573307,0.0,0.737113754,0.353284295,0.004285459,500003.3964,0.0,2.96183915,0.163788731,2499.575643,2499.995662,1.035378928,499997.2951,0.960562581,3.431839049,0.000222,2.757168214,2499.999878,0.000834,0.265900441,2.405166245,0.0,1.759438998,4.05e-06,2497.709963,2.328108401
13,53,0.14992447,0.345568593,1.629598729,2499.995318,5.818109394,2499.995318,2499.995327,1.342948344,0.673535548,2.196025817,0.0,2.305222756,1.429335951,2504.56315,0.0,2499.995467,2499.995455,1.995105618,1.0894307,2557.030091,2.906934445,1.863851041,0.0,2499.995318,13.79985092,9866.986752,1.868125981,0.000649,2.167674195,34.45757456,0.972917363,2499.999862,0.13104513,1.028512803,2499.995465,2499.995312,2500,0.101195731,2499.986098,0.464453735,2.608865043,0.0,0.504793127,2.4776448,0.0,0.749542721,0.412222614,0.004663705,500003.8648,0.0,3.290802612,0.158846797,2499.513443,2499.995317,1.033732808,499997.1733,1.059269626,3.685995016,0.000212,2.934962626,2499.999862,0.000895,0.255346603,2.581038319,0.0,1.870396072,3.79e-06,2497.534868,2.480152863
14,54,0.1614021,0.365919189,1.684786374,2499.994964,6.054361842,2499.994964,2499.994973,1.342338124,0.704524257,2.302670748,0.0,2.448021263,1.447074306,2504.888045,0.0,2499.995131,2499.995118,1.859670575,1.058762487,2561.427139,3.04886768,1.964154536,0.0,2499.994964,13.86737063,9858.621051,1.958972898,0.000695,2.267617083,35.48452821,1.000645092,2499.999845,0.130182434,1.031515163,2499.995128,2499.994992,2500,0.107810056,2499.985019,0.461396147,2.754651093,0.0,0.581879187,2.624019145,0.0,0.760425612,0.475682192,0.005054357,500004.3592,0.0,3.630602894,0.154375152,2499.447046,2499.994963,1.023938319,499997.047,1.150731691,3.931706945,0.000217,3.105773204,2499.999845,0.000957,0.245201114,2.749383998,0.0,1.97718613,3.54e-06,2497.356694,2.627607731
15,55,0.206852534,0.567653041,1.731377489,2499.994599,6.282063583,2499.994599,2499.994607,1.332499464,0.733072735,2.400565845,0.0,2.58617549,1.453499365,2505.201973,0.0,2499.994783,2499.994771,1.75259543,2.33026081,2565.922841,3.182145041,2.101095591,0.0,2499.994599,13.90117378,9849.749077,2.046103409,0.000742,2.360319804,36.31057322,1.00263051,2499.999827,3.109475041,1.024616193,2499.994781,2499.994658,2500,0.11279127,2499.98391,2.711471304,2.896010242,0.0,0.663444041,2.76599079,0.0,0.770109007,0.543426951,0.005454952,500004.4949,0.0,3.980934514,14.64537871,2499.37649,2499.994598,1.007300248,499996.9693,1.150672548,4.16979887,0.000208,3.229324151,2499.999827,0.00101853,0.23563892,2.909671166,0.0,2.080060442,4.46e-06,2497.184114,2.770781677
16,56,0.250845126,0.751115328,1.768902569,2499.994224,6.501604562,2499.994224,2499.994232,1.329960371,0.759619762,2.489840871,0.0,2.720088625,1.449011281,2505.515293,0.0,2499.994426,2499.994414,1.657287452,2.315761506,2570.61008,3.306323228,2.233409,0.0,2499.994224,13.90975893,9840.939705,2.130215639,0.000787,2.446584185,37.0318224,1.005063351,2499.999808,3.090127325,1.008873993,2499.994423,2499.994314,2500,0.115835537,2499.98277,2.69460004,3.033372159,0.0,0.749109259,2.903959666,0.0,0.77881815,0.615428501,0.005866967,500004.6726,0.0,4.341481668,14.45756329,2499.301775,2499.994222,0.984637523,499996.888,1.150608825,4.404495063,0.000202,3.347874796,2499.999808,0.001080163,0.226771618,3.060026143,0.0,2.179418077,4.85e-06,2497.007084,2.910056007
17,57,0.293408578,0.906439505,1.797000601,2499.993837,6.713080358,2499.993837,2499.993845,1.334163121,0.783507841,2.570559858,0.0,2.850057859,1.434726057,2505.82901,0.0,2499.994059,2499.994046,1.570781337,2.30175259,2575.455452,3.421396719,2.361028152,0.0,2499.993837,13.89584947,9832.151199,2.211052213,0.000832,2.527061425,37.69838724,1.007999517,2499.999789,3.071433978,0.985384926,2499.994056,2499.99396,2500,0.116842827,2499.981597,2.678299386,3.16704447,0.0,0.838411015,3.038230577,0.0,0.786918328,0.690819815,0.006265523,500004.9201,0.0,4.712934533,14.30028432,2499.222687,2499.993836,0.95674814,499996.803,1.150540265,4.63688352,0.000186,3.462120435,2499.999789,0.00114079,0.218635995,3.20333516,0.0,2.275604396,4.94e-06,2496.824847,3.045734798
18,58,0.33457034,1.038592969,1.823993995,2499.993439,6.916492264,2499.993439,2499.993448,1.332773096,0.805784206,2.642101255,0.0,2.976367096,1.411762614,2506.144109,0.0,2499.993681,2499.993669,1.491075224,2.288225715,2580.466668,3.527381132,2.484137838,0.0,2499.993439,13.86111685,9823.343477,2.289825417,0.000876,2.602399211,38.31351398,1.01150781,2499.999769,3.053383862,0.955269893,2499.993678,2499.993596,2500,0.116156168,2499.980391,2.662559632,3.297320228,0.0,0.930980187,3.16909545,0.0,0.794555277,0.770096314,0.006646339,500005.2248,0.0,5.09600091,14.16776476,2499.139008,2499.993438,0.924418819,499996.7141,1.150466563,4.867472864,0.000178,3.572387716,2499.999769,0.001200157,0.211234864,3.335088308,0.0,2.368954539,4.87e-06,2496.636687,3.178110309
19,59,0.374360083,1.158000493,1.849825185,2499.99303,7.111799153,2499.99303,2499.99304,1.324830262,0.826561221,2.699680877,0.0,3.099289703,1.383122413,2506.458688,0.0,2499.993294,2499.993281,1.416482473,2.275172267,2585.652879,3.624316988,2.603440287,0.0,2499.99303,13.80653003,9814.481684,2.366867189,0.000918,2.673271924,38.87363608,1.015593251,2499.999748,3.03596548,0.919661757,2499.993291,2499.993221,2500,0.115493542,2499.979151,2.647370752,3.424475301,0.0,1.026822995,3.296832784,0.0,0.801846035,0.853377765,0.007010246,500005.5501,0.0,5.490574602,14.04614196,2499.050667,2499.993029,0.888431822,499996.621,1.150387577,5.097429891,0.000164,3.678922865,2499.999748,0.001258231,0.20749463,3.454901276,0.0,2.459769843,4.71e-06,2496.441846,3.307461122
20,60,0.412809332,1.2694333,1.873085583,2499.992611,7.298960795,2499.992611,2499.992621,1.311234423,0.846403568,2.740805557,0.0,3.219095099,1.351941028,2506.776508,0.0,2499.992896,2499.992882,1.348610894,2.262583286,2591.01516,3.713302498,2.718747969,0.0,2499.992611,13.72913741,9805.535893,2.442893833,0.000958,2.740388685,39.37813098,1.018497323,2499.999727,3.019166879,0.879672828,2499.992894,2499.992835,2500,0.114854493,2499.977879,2.632722323,3.54878743,0.0,1.125495971,3.421714289,0.0,0.808843765,0.94063356,0.007357782,500005.8811,0.0,5.896513186,13.9310676,2498.957744,2499.992609,0.849566726,499996.5275,1.150303401,5.327799548,0.000177,3.781996771,2499.999727,0.001314978,0.204749506,3.560541312,0.0,2.548340549,4.5e-06,2496.239499,3.434056783
21,61,0.449950693,1.37383,1.892541609,2499.99218,7.477985536,2499.99218,2499.992191,1.292844841,0.864516102,2.765867131,0.0,3.336026297,1.317894499,2507.100201,0.0,2499.992488,2499.992473,1.282545882,2.25044935,2596.550562,3.753754362,2.830322374,0.0,2499.99218,13.62999415,9796.4731,2.517351124,0.000998,2.802516536,39.83071135,1.021958866,2499.999705,3.002975485,0.836407027,2499.992486,2499.992437,2500,0.112306653,2499.976575,2.618603381,3.670499279,0.0,1.226492851,3.543986426,0.0,0.815596699,1.030755777,0.007689779,500006.2216,0.0,6.313520807,13.82248862,2498.860078,2499.992178,0.808587496,499996.43,1.150213989,5.559852906,0.000164,3.88183514,2499.999705,0.001370409,0.201005476,3.696392598,0.0,2.634917453,4.27e-06,2496.02925,3.558145319
22,62,0.485813665,1.47134097,1.908363116,2499.991738,7.648667171,2499.991738,2499.99175,1.270485728,0.881456576,2.775484531,0.0,3.450321268,1.277780919,2507.428962,0.0,2499.99207,2499.992054,1.219743192,2.238760773,2602.245565,3.748376177,2.938387047,0.0,2499.991738,13.51024734,9787.264496,2.59089107,0.001035654,2.85749116,40.23817053,1.02598946,2499.999682,2.987378374,0.79095176,2499.992068,2499.992028,2500,0.107911083,2499.975239,2.605002654,3.789849793,0.0,1.329264012,3.663889259,0.0,0.822136274,1.123639863,0.008005744,500006.5815,0.0,6.741394302,13.72031529,2498.757629,2499.991736,0.766237888,499996.3283,1.150119191,5.794950408,0.000166,3.978668258,2499.999682,0.001424461,0.196907616,3.857444249,0.0,2.71976165,4.04e-06,2495.811498,3.679967969
23,63,0.520428851,1.562163566,1.918511136,2499.991285,7.810850302,2499.991285,2499.991298,1.244935087,0.897319854,2.770445906,0.0,3.562206484,1.230719338,2507.760176,0.0,2499.991642,2499.991625,1.159338801,2.227507547,2608.106112,3.73087511,3.043165516,0.0,2499.991285,13.38280558,9777.883119,2.663727735,0.001072549,2.905088631,40.60642072,1.030586676,2499.999658,2.972362189,0.74431282,2499.99164,2499.991608,2500,0.103440634,2499.973872,2.591908497,3.907062516,0.0,1.433136749,3.781649761,0.0,0.828485326,1.218699088,0.008306061,500006.9648,0.0,7.179947886,13.6244081,2498.650373,2499.991284,0.723221338,499996.2227,1.150018873,6.034635669,0.000185,4.072709324,2499.999658,0.001477099,0.195743384,4.006954096,0.0,2.803118253,3.8e-06,2495.5858,3.799752952
24,64,0.574785195,1.646535601,1.920641729,2499.990822,7.964280155,2499.990822,2499.990836,1.216919087,0.912189761,2.749030457,0.0,3.671901719,1.179739021,2508.087108,0.0,2499.991205,2499.991187,1.100692139,15.03740644,2613.990548,3.708704386,3.144875604,0.0,2499.990822,13.28903246,9768.30207,2.736055578,0.001108216,2.945446688,40.94050966,1.037508224,2499.999634,66.74574647,0.697404623,2499.991202,2499.991177,2500,0.098902981,2499.972476,29.97822213,4.022347352,0.0,1.537386483,3.897484586,0.0,0.834666606,1.315278672,0.008590766,500007.3698,0.0,7.628972758,184.143308,2498.53825,2499.990821,0.680189946,499996.1095,1.149912963,6.280528519,0.000162,4.164171455,2499.999634,0.001528275,0.198069902,4.136942225,0.0,2.885226506,3.68e-06,2495.358549,3.917717715
25,65,0.6273129,1.724954869,1.91222064,2499.990349,8.108755648,2499.990349,2499.990364,1.187115364,0.926143378,2.712481441,0.0,3.779637708,1.125252462,2508.417524,0.0,2499.990758,2499.990739,1.043618804,15.01698513,2620.044571,3.6818147,3.243741347,0.0,2499.990349,13.18940727,9758.499655,2.808049199,0.001142649,2.978455769,41.24380298,1.04499069,2499.999609,66.7087763,0.65104649,2499.990755,2499.990734,2500,0.094307924,2499.971052,29.94125196,4.135923641,0.0,1.641287896,4.011613546,0.0,0.840692534,1.412697815,0.008859318,500007.7982,0.0,8.088358502,184.0589306,2498.421287,2499.990348,0.63773656,499995.9924,1.149801514,6.381940195,0.000162,4.405713111,2499.999609,0.001577944,0.203794939,4.24771778,0.0,2.966324232,3.52e-06,2495.122301,4.034077892
26,66,0.67807073,1.79777134,1.890750844,2499.989867,8.244071144,2499.989867,2499.989883,1.156132065,0.939039904,2.662238841,0.0,3.885634053,1.067946367,2508.752368,0.0,2499.990302,2499.990282,0.98783427,14.99726132,2626.264691,3.650354111,3.339995681,0.0,2499.989867,13.08411115,9748.455565,2.879702855,0.001175949,3.004174065,41.51952216,1.053019631,2499.999583,66.67306398,0.605939547,2499.9903,2499.990283,2500,0.089667333,2499.969601,29.90553964,4.247995095,0.0,1.744143902,4.124241788,0.0,0.846596444,1.510120361,0.009111757,500008.2508,0.0,8.557977253,183.9798405,2498.299479,2499.989865,0.596383449,499995.8715,1.149684805,6.645543012,0.000183,4.492697549,2499.999583,0.001626174,0.212775751,4.340674314,0.0,3.046576024,3.35e-06,2494.876466,4.149033398
27,67,0.7271153,1.865330965,1.853926386,2499.989376,8.37001066,2499.989376,2499.989393,1.124508916,0.94739493,2.599903746,0.0,3.99010331,1.008198345,2509.092363,0.0,2499.989839,2499.989818,0.936926367,14.97821179,2632.642875,3.614305542,3.433851932,0.0,2499.989376,12.97337279,9738.152094,2.951383716,0.001208006,3.022664238,41.7706714,1.061603035,2499.999557,66.63856722,0.562669018,2499.989836,2499.989824,2500,0.084995056,2499.968125,29.87104289,4.358755637,0.0,1.845288772,4.23556363,0.0,0.852407325,1.607067698,0.009348495,500008.7324,0.0,9.037724707,183.9057138,2498.172829,2499.989375,0.556576347,499995.747,1.149563084,6.920689782,0.000158,4.577773391,2499.999557,0.001672812,0.224848754,4.415427678,0.0,3.126252965,3.17e-06,2494.620692,4.262771362
28,68,0.774496812,1.927974286,1.799723587,2499.988878,8.486443641,2499.988878,2499.988895,1.092714875,0.954910317,2.527217789,0.0,4.093252754,0.946318705,2509.438386,0.0,2499.989368,2499.989347,0.887113485,14.9598144,2639.178253,3.573850891,3.525537101,0.0,2499.988878,12.8574556,9727.574294,3.023247574,0.001238843,3.034040862,41.99979912,1.070735411,2499.99953,66.60524529,0.521665309,2499.989366,2499.989356,2500,0.080306751,2499.966626,29.83772095,4.468382586,0.0,1.944095354,4.345760432,0.0,0.858152428,1.702909424,0.009570021,500009.2402,0.0,9.527519662,183.836246,2498.041349,2499.988876,0.518673449,499995.6191,1.149436692,7.209215999,0.000149,4.661130373,2499.99953,0.001717877,0.239598201,4.47289758,0.0,3.205541845,3e-06,2494.354706,4.375464112
29,69,0.820268571,1.98602103,1.727891364,2499.988372,8.593131953,2499.988372,2499.988391,1.059303269,0.965727271,2.445963964,0.0,4.195280009,0.882558854,2509.790853,0.0,2499.988892,2499.988869,0.834209842,14.94204773,2645.868402,3.529239463,3.615251255,0.0,2499.988372,12.73648349,9716.710609,3.095444456,0.001268464,3.038398521,42.20916715,1.080412232,2499.999502,66.57305909,0.4832642,2499.988889,2499.988882,2500,0.075619756,2499.965108,29.80553475,4.577040789,0.0,2.039996989,4.455000002,0.0,0.863863053,1.79706536,0.009776579,500009.7712,0.0,10.02730604,183.7711444,2497.905054,2499.988371,0.482945844,499995.4881,1.149306056,7.512804114,0.000155,4.742967234,2499.999502,0.001761337,0.256913501,4.513897331,0.0,3.284626252,2.82e-06,2494.078386,4.487269644
30,70,0.864487195,2.039775972,1.655091661,2499.987862,8.689728376,2499.987862,2499.987881,1.002455299,0.975956333,2.357797183,0.0,4.296384311,0.817631918,2510.150059,0.0,2499.98841,2499.988387,0.782106099,14.92489095,2652.693965,3.480785278,3.703193722,0.0,2499.987862,12.61045254,9705.553463,3.168138415,0.001296855,3.035828242,42.40076066,1.090629004,2499.999473,66.54197093,0.447697714,2499.988408,2499.988399,2500,0.070952692,2499.963578,29.77444659,4.684893852,0.0,2.132534286,4.563443333,0.0,0.869588161,1.889024803,0.009967101,500010.3343,0.0,10.53687918,183.7101275,2497.763972,2499.98786,0.449578281,499995.3542,1.149171934,7.832267732,0.000149,4.82352326,2499.999473,0.0018031,0.27700013,4.539147504,0.0,3.363688878,2.64e-06,2493.791416,4.598335032
31,71,0.907202875,2.089572929,1.582125349,2499.987348,8.775950598,2499.987348,2499.987368,0.924668541,0.985634901,2.26301287,0.0,4.396736757,0.752718539,2510.516728,0.0,2499.987926,2499.987902,0.728857016,14.90832406,2659.640862,3.428906773,3.789585683,0.0,2499.987348,12.47947381,9694.109302,3.241439242,0.001324053,3.026609692,42.57618907,1.10129009,2499.999445,66.51194422,0.415057317,2499.987923,2499.987914,2500,0.066324972,2499.962036,29.74441988,4.792075367,0.0,2.221509908,4.671224859,0.0,0.875370412,1.978500915,0.010141385,500010.925,0.0,11.05394543,183.6529052,2497.618633,2499.987346,0.418699674,499995.2181,1.149034983,8.169528689,0.000133,4.90300042,2499.999445,0.001843192,0.29972678,4.549815506,0.0,3.442842976,2.48e-06,2493.493382,4.708781269
32,72,0.948464257,2.135726397,1.509770662,2499.986832,8.851578148,2499.986832,2499.986853,0.855865406,0.994797707,2.160082046,0.0,4.496494339,0.691044251,2510.891385,0.0,2499.98744,2499.987416,0.65342693,14.89232782,2666.744945,3.374069874,3.874604091,0.0,2499.986832,12.34360449,9682.388286,3.315447142,0.001350083,3.011057761,42.73686402,1.112303187,2499.999415,66.48294366,0.385342818,2499.987438,2499.98743,2500,0.061756848,2499.960488,29.71541932,4.898702692,0.0,2.306771203,4.778462279,0.0,0.881301207,2.065205968,0.010298724,500011.5036,0.0,11.57623472,183.5992009,2497.469574,2499.986831,0.390359193,499995.0805,1.148895935,8.531807799,0.000127,4.981626023,2499.999415,0.001881618,0.325098207,4.547050942,0.0,3.522184191,2.31e-06,2493.183921,4.818711191
33,73,0.988318493,2.178507541,1.43876495,2499.986318,8.915702152,2499.986318,2499.986339,0.795243038,1.003923534,2.048422731,0.0,4.566491366,0.636872359,2511.276935,0.0,2499.986956,2499.98693,0.571959025,14.87688366,2673.96444,3.316751616,3.958332195,0.0,2499.986318,12.20200338,9670.391941,3.390684198,0.001374725,2.980525533,42.8839662,1.123704028,2499.999386,66.45493519,0.358586355,2499.986953,2499.98695,2500,0.05726897,2499.95894,29.68741085,5.03420707,0.0,2.388035239,4.885261796,0.0,0.887423012,2.149148899,0.010432201,500012.0907,0.0,12.10422934,183.5487492,2497.316786,2499.986316,0.36449928,499994.9417,1.148755651,8.914999093,0.000124,5.059671127,2499.999386,0.001918077,0.350784386,4.528827702,0.0,3.601856277,2.16e-06,2492.862605,4.928217257
34,74,1.026811759,2.218197121,1.369777807,2499.985805,8.968050296,2499.985805,2499.985827,0.741997328,1.012823622,1.931686352,0.0,4.561657527,0.589509321,2511.668982,0.0,2499.986474,2499.986448,0.494741013,14.86197362,2681.291641,3.25749983,4.040864428,0.0,2499.985805,12.05448882,9658.125997,3.467008817,0.001398059,2.944145248,43.01849325,1.135495867,2499.999356,66.42788591,0.334650654,2499.986471,2499.986475,2500,0.052881599,2499.957394,29.66036157,5.243829331,0.0,2.465113282,4.991691188,0.0,0.893780622,2.229891359,0.010539176,500012.6862,0.0,12.63838631,183.5012928,2497.160272,2499.985804,0.341007237,499994.8021,1.148614813,9.296041161,0.000124,5.137307398,2499.999356,0.001952538,0.381308815,4.497144076,0.0,3.68190667,2.01e-06,2492.5294,5.037355461
35,75,1.063988559,2.255219244,1.303383479,2499.985295,9.009016786,2499.985295,2499.985318,0.695344445,1.021067146,1.812772393,0.0,4.47813435,0.548241259,2512.06845,0.0,2499.985995,2499.985968,0.422142062,14.84758042,2688.722784,3.196871739,4.12229468,0.0,2499.985295,11.90146242,9645.599323,3.544023767,0.001420299,2.902073694,43.14072276,1.147667065,2499.999326,66.40176403,0.313279591,2499.985992,2499.986008,2500,0.048614601,2499.955851,29.6342397,5.531529005,0.0,2.537875079,5.097789196,0.0,0.900397222,2.306901828,0.0106257,500013.2898,0.0,13.17913319,183.4566489,2497.00005,2499.985293,0.319733265,499994.6619,1.148473936,9.673992536,0.00012,5.214586046,2499.999326,0.001985127,0.415512704,4.455867786,0.0,3.762316382,1.88e-06,2492.18458,5.146154753
36,76,1.099891534,2.289807054,1.240047798,2499.984787,9.039041943,2499.984787,2499.984811,0.654538616,1.029091295,1.694085392,0.0,4.33938912,0.512380885,2512.475563,0.0,2499.985519,2499.985491,0.354162376,14.83368733,2696.247669,3.135405087,4.178086548,0.0,2499.984787,11.74326489,9632.823076,3.622090438,0.001441382,2.854454245,43.25162009,1.171696654,2499.999295,66.37653886,0.294219136,2499.985516,2499.985549,2500,0.044486881,2499.954312,29.60901453,5.873916703,0.0,2.606287837,5.20358284,0.0,0.907226598,2.380394145,0.010693372,500013.9051,0.0,13.72686597,183.4146021,2496.83617,2499.984786,0.300503279,499994.4981,1.148333471,10.06857917,0.000124,5.29153677,2499.999295,0.002015974,0.452819498,4.404919248,0.0,3.843056748,1.74e-06,2491.828525,5.254632653
37,77,1.134559533,2.322138168,1.180123484,2499.984283,9.058588357,2499.984283,2499.984307,0.618879841,1.036876345,1.577573191,0.0,4.202301435,0.481276479,2512.890384,0.0,2499.985047,2499.985017,0.290701862,14.82030932,2703.865851,3.073604474,4.233275333,0.0,2499.984283,11.5802701,9619.809325,3.701153521,0.001460392,2.801407342,43.35223414,1.280449469,2499.999264,66.35218075,0.277199808,2499.985043,2499.985102,2500,0.040516,2499.952773,29.58465641,6.214156976,0.0,2.670395257,5.309084928,0.0,0.914285575,2.450317193,0.010743543,500014.5274,0.0,14.28230846,183.3749489,2496.668653,2499.984281,0.283138039,499994.1653,1.148193829,10.45828542,0.000112,5.368172247,2499.999264,0.002045206,0.49271822,4.346205154,0.0,3.924087721,1.62e-06,2491.4617,5.362793392
38,78,1.16803577,2.352379587,1.123855501,2499.983781,9.068107872,2499.983781,2499.983807,0.587723257,1.043951716,1.464759482,0.0,4.067636815,0.45421415,2513.312976,0.0,2499.984579,2499.984547,0.231988123,14.8073985,2711.572973,3.011935505,4.28786484,0.0,2499.983781,11.41276939,9606.572042,3.781231375,0.001477473,2.743029215,43.44351267,1.475009588,2499.999232,66.32866103,0.261968275,2499.984575,2499.984663,2500,0.036717821,2499.951238,29.56113669,6.551502282,0.0,2.730299154,5.414296948,0.0,0.921431218,2.516951474,0.010781686,500015.1565,0.0,14.84577957,183.3375052,2496.497566,2499.98378,0.267443424,499993.6613,1.148055363,10.84247875,9.99e-05,5.444580909,2499.999232,0.002072947,0.534746241,4.281456318,0.0,4.005361186,1.5e-06,2491.084503,5.470630699
39,79,1.200358809,2.380683794,1.07138931,2499.983283,9.067592664,2499.983283,2499.98331,0.560481533,1.04724757,1.35702364,0.0,3.936057656,0.430853892,2513.743236,0.0,2499.984115,2499.984081,0.180878754,14.79493982,2719.342179,2.950819785,4.263122758,0.0,2499.983283,11.24136838,9593.126121,3.86214038,0.001493888,2.679319467,43.52632093,1.709205605,2499.999201,66.30595202,0.248285696,2499.984109,2499.984233,2500,0.033106215,2499.949707,29.53842769,6.885284887,0.0,2.786145449,5.519209113,0.0,0.928671942,2.580256621,0.010766576,500015.8078,0.0,15.41751011,183.3021056,2496.322951,2499.983281,0.253229935,499993.0784,1.147918378,11.20746715,0.000107,5.599599243,2499.999201,0.002099317,0.578471727,4.212288851,0.0,4.086823351,1.39e-06,2490.697454,5.578129994
40,80,1.231563423,2.407188309,1.022781077,2499.982787,9.057588643,2499.982787,2499.982816,0.536625735,1.047066322,1.255157382,3.42e-05,3.808122969,0.410627494,2514.181116,0.0,2499.983654,2499.983618,0.13670885,14.78291888,2727.155859,2.890678766,4.102161953,0.0,2499.982787,11.06641963,9579.487345,3.943751452,0.001509719,2.610416926,43.60146239,1.948431069,2499.999168,66.28402699,0.235930233,2499.983647,2499.983811,2500,0.029692824,2499.94818,29.51650265,7.214914898,0.0,2.838128294,5.623802117,0.0,0.936003969,2.640135323,0.010750097,500016.4896,0.0,15.99768919,183.2686,2496.144872,2499.982786,0.240320232,499992.486,1.147783125,11.5435472,0.000127,5.890091181,2499.999168,0.002124515,0.62315176,4.140556066,0.0,4.16838496,1.29e-06,2490.301324,5.685267589
41,81,1.261684292,2.43201947,0.978010214,2499.982295,9.038610326,2499.982295,2499.982324,0.515684854,1.045481258,1.15963161,0.000184,3.684296637,0.393019352,2514.626454,0.0,2499.983196,2499.983158,0.098814553,14.7713176,2734.967647,2.831903474,3.932874504,0.0,2499.982295,10.88826233,9565.817336,4.02714281,0.001524624,2.536475855,43.66966132,2.1922635,2499.999136,66.2628602,0.224290927,2499.983189,2499.983399,2500,0.026486935,2499.946657,29.49533586,7.539907864,0.0,2.886479431,5.728059565,0.0,0.943442173,2.697590343,0.010724431,500017.179,0.0,16.58647379,183.2368541,2495.963397,2499.982294,0.228553552,499991.8849,1.147649965,11.87181862,0.000144,6.188192208,2499.999136,0.002148764,0.668176782,4.06207846,0.0,4.249949673,1.19e-06,2489.896868,5.792020023
42,82,1.290755835,2.455806515,0.936990381,2499.981805,9.011098418,2499.981805,2499.981835,0.497239772,1.041074261,1.070564149,0.000175,3.56492182,0.377689669,2515.079042,0.0,2499.982741,2499.982702,0.06895648,14.76012654,2742.772994,2.769344229,3.770298466,0.0,2499.981805,10.70700043,9552.14637,4.111011604,0.001539599,2.457601003,43.73156183,2.440221164,2499.999102,66.2424264,0.213751944,2499.982733,2499.982995,2500,0.023495281,2499.945137,29.47490206,7.859846904,0.0,2.931410819,5.831945004,0.0,0.945757945,2.751975165,0.010699878,500017.8724,0.0,17.18399124,183.2067442,2495.778608,2499.981804,0.217783693,499991.276,1.147738918,12.19458616,0.000167,6.47883643,2499.999102,0.002171445,0.713053066,3.984218993,0.0,4.334490294,1.1e-06,2489.484749,5.898351154
43,83,1.318810348,2.479045939,0.899592149,2499.981318,8.975560652,2499.981318,2499.981349,0.480927828,1.034263931,0.987930005,0.000168,3.450274139,0.364282847,2515.538799,0.0,2499.982289,2499.982248,0.048134511,14.74933273,2750.572123,2.702871606,3.614668671,0.0,2499.981318,10.52284703,9538.48638,4.195207424,0.001553619,2.373969732,43.7877665,2.691867359,2499.999069,66.22270169,0.204114408,2499.98228,2499.982599,2500,0.020721976,2499.943619,29.45517735,8.174413001,0.0,2.973152542,5.935660794,0.0,0.939711582,2.803436348,0.010671571,500018.5677,0.0,17.79033674,183.1781665,2495.590597,2499.981317,0.205011695,499990.6603,1.147610107,12.511742,0.000172,6.761810652,2499.999069,0.002193742,0.757472891,3.908278484,0.0,4.424944328,1.01e-06,2489.065094,6.004228285
44,84,1.345882256,2.501830791,0.865645162,2499.980833,8.932414653,2499.980833,2499.980865,0.466434684,1.025586398,0.91016637,0.00016,3.340535061,0.352898889,2516.005593,0.0,2499.981839,2499.981797,0.033667235,14.73890766,2758.364542,2.639174805,3.466134993,0.0,2499.980833,10.3362679,9524.849736,4.279562981,0.001567236,2.285704777,43.83882812,2.946777642,2499.999035,66.20366305,0.195243442,2499.98183,2499.98221,2500,0.018168489,2499.942104,29.43613871,8.483346315,0.0,3.011909132,6.038940863,0.0,0.930863523,2.852229546,0.010644111,500019.2621,0.0,18.40565376,183.1510292,2495.399474,2499.980832,0.187256735,499990.0385,1.147483613,12.82307376,0.000175,7.036911622,2499.999035,0.002215686,0.800384938,3.835545717,0.0,4.520240368,9.24e-07,2488.639298,6.109618276
45,85,1.371999555,2.523994273,0.834957546,2499.980351,8.881920911,2499.980351,2499.980383,0.453490418,1.015594485,0.836430025,0.000153,3.235833339,0.342837575,2516.478916,0.0,2499.981393,2499.981349,0.023524402,14.72887008,2766.147511,2.57833636,3.324785922,0.0,2499.980351,10.14727319,9511.247682,4.364006541,0.001580957,2.192948507,43.88523154,3.2045315,2499.999001,66.18528637,0.187033299,2499.981382,2499.981829,2500,0.015833713,2499.940591,29.41776203,8.786461434,0.0,3.047827174,6.141755041,0.0,0.920870261,2.898276845,0.010619481,500019.9528,0.0,19.03013319,183.1252437,2495.205368,2499.98035,0.168912515,499989.4116,1.147359544,13.12847437,0.000175,7.304090402,2499.999001,0.0022373,0.841384204,3.766641949,0.0,4.618562566,8.52e-07,2488.208266,6.214488216
46,86,1.397194082,2.545314348,0.804708517,2499.979872,8.824373257,2499.979872,2499.979904,0.441863422,1.004670388,0.766457075,0.000147,3.136234502,0.333912563,2516.958222,0.0,2499.980949,2499.980905,0.016425624,14.7191855,2773.918744,2.520404921,3.190621044,0.0,2499.979872,9.956024229,9497.689723,4.448481148,0.001593857,2.095922024,43.92740286,3.464705832,2499.998966,66.16755211,0.179382268,2499.980938,2499.981455,2500,0.013714102,2499.939083,29.40002778,9.083626801,3.65e-06,3.081037119,6.244067456,0.0,0.911535741,2.941440037,0.010593586,500020.6382,0.0,19.66381163,183.1007299,2495.008407,2499.979871,0.155108066,499988.7805,1.147237952,13.42796063,0.000173,7.563343774,2499.998966,0.002258606,0.880247035,3.701886167,0.0,4.717295539,7.79e-07,2487.772744,6.318802157
47,87,1.421494048,2.567742702,0.779474967,2499.978872,9.030834197,2499.978872,2499.978905,0.382558014,1.005982266,0.659820308,0.00014,3.03440842,0.320623944,2517.526479,0.0,2499.979986,2499.97994,38.25104756,14.70985767,2785.792771,2.445151093,3.086027283,0.0,2499.978872,11.34786761,9483.150827,4.506423829,0.001626363,1.969122596,43.96718051,3.478171922,2499.998931,66.15043862,0.140600684,2499.979974,2499.980389,2500,0.011803789,2499.936186,29.38291428,9.356232797,3.58e-06,3.090257198,6.337368823,0.0,0.911243632,2.972722972,0.011456393,500021.0727,0.0,20.30655749,183.0773812,2494.808708,2499.978871,0.158001781,499988.5308,1.14695603,14.06289609,0.000182,7.722071824,2499.998931,0.002334149,0.631216768,3.394894989,0.0,4.773034597,6.98e-07,2487.516742,6.415978772
48,88,1.444930185,2.589005306,0.753309085,2499.977861,9.22449883,2499.977861,2499.977894,0.33894855,1.007144967,0.562385086,0.000135,2.931660189,0.314238926,2518.026518,0.0,2499.979011,2499.978964,37.02536345,14.70085438,2798.241465,2.260305104,2.947264244,0.0,2499.977861,13.0233778,9467.869698,4.566514097,0.00165836,1.843182421,44.004051,3.610927252,2499.998895,66.13392675,0.116284501,2499.978999,2499.9793,2500,0.010118525,2499.933265,29.36640242,9.634072421,3.52e-06,3.094037338,6.433156853,0.0,0.911380459,3.000296291,0.012337404,500021.5178,0.0,20.95422832,183.0552644,2494.605023,2499.97786,0.158818799,499988.0387,1.146660155,14.71607085,0.000184,7.916310962,2499.998895,0.002409314,0.47024742,3.068038649,0.004155876,4.832071446,6.18e-07,2487.243312,6.515912901
49,89,1.467533461,2.609151011,0.726852073,2499.976835,9.407311576,2499.976835,2499.976869,0.307252567,1.008334842,0.475946235,0.000129,2.82893998,0.312850335,2518.493183,0.0,2499.978022,2499.977974,35.67512899,14.68492312,2811.237111,2.033385216,2.809979199,0.0080384,2499.976835,14.88876026,9451.859297,4.629005548,0.001689913,1.718204333,44.03836547,3.890506474,2499.99886,66.11799549,0.101449004,2499.978009,2499.977996,2500,0.010100066,2499.930504,29.35772403,9.916580273,3.46e-06,3.092944029,6.53160928,0.0,0.911916939,3.024730008,0.013238765,500021.9497,0.0,21.60866246,183.0343314,2494.397155,2499.976834,0.158389582,499987.2486,1.146350903,15.39195742,0.000179,8.110821522,2499.99886,0.002484242,0.366621219,2.709110857,0.002326624,4.894537838,5.41e-07,2486.948397,6.618751819
50,90,1.489331921,2.628267414,0.700688605,2499.975794,9.580750812,2499.975794,2499.975828,0.28451014,0.998952649,0.40338768,0.000124,2.727166815,0.31501151,2518.96385,0.0,2499.977018,2499.976969,34.23151758,14.66955534,2824.669907,1.811479257,2.67524025,0.005375283,2499.975794,16.82972491,9435.43042,4.694051745,0.001721627,1.594776943,44.07028018,4.187732083,2499.998823,66.10262771,0.092555723,2499.977005,2499.976837,2500,0.008592971,2499.927533,29.34935813,10.2031866,3.4e-06,3.087552728,6.63289814,0.0,0.912941598,3.046598108,0.014161017,500022.2873,0.0,22.27126001,183.0145123,2494.184956,2499.975793,0.15727044,499986.4187,1.146028789,16.08904805,0.000197,8.304936146,2499.998823,0.002558986,0.300546584,2.385505483,0.002160927,4.960571879,4.65e-07,2486.614483,6.724631684
51,91,1.510337346,2.646486595,0.675323952,2499.974736,9.745820541,2499.974736,2499.97477,0.268422212,0.988683595,0.351635617,0.00012,2.627213705,0.319589094,2519.457245,0.0,2499.975998,2499.975948,32.6984838,14.65473282,2838.526328,1.613995026,2.563483439,0.003612366,2499.974736,18.79103861,9418.569288,4.761688376,0.001752918,1.452016995,44.09993206,4.50276103,2499.998786,66.08780519,0.087760038,2499.975984,2499.975654,2500,0.007285012,2499.92452,29.34130185,10.49327323,3.34e-06,3.078511237,6.737138341,0.0,0.914622558,3.066473086,0.015106419,500022.5328,0.0,22.94308405,182.9957266,2493.968322,2499.974735,0.155541819,499985.5488,1.145694297,16.80834371,0.000182,8.497927878,2499.998786,0.002633517,0.259193534,2.097536231,0.002001168,5.030334192,3.92e-07,2486.23579,6.833662225
52,92,1.530571118,2.663860267,0.651160301,2499.97366,9.903468359,2499.97366,2499.973694,0.257219404,0.978396726,0.315117991,0.000115,2.529773717,0.324784331,2519.979128,0.0,2499.974959,2499.974909,31.08438308,14.64043814,2852.811109,1.440270352,2.454586218,0.00243955,2499.97366,20.77116595,9401.245901,4.831954115,0.001783839,1.308783058,44.12742723,4.835773583,2499.998749,66.07351051,0.084604094,2499.974945,2499.974456,2500,0.006155395,2499.921451,29.33354494,10.7862877,3.28e-06,3.06654715,6.844400035,0.0,0.916920916,3.085161166,0.016075819,500022.6836,4.69e-13,23.6249401,182.9778924,2493.747189,2499.973658,0.153807675,499984.6382,1.145347138,17.551624,0.000177,8.690569324,2499.998749,0.002707965,0.234189555,1.844083785,0.00163073,5.103864644,3.33e-07,2485.814994,6.945928238
53,93,1.550052575,2.680456772,0.6284865,2499.972562,10.05479354,2499.972562,2499.972597,0.249540373,0.967686778,0.28889023,0.000111,2.435424024,0.329870472,2520.532194,0.0,2499.973901,2499.97385,29.3933634,14.6266544,2867.529635,1.289080263,2.349079509,0.002435962,2499.972562,22.7687148,9383.437426,4.904831534,0.001814429,1.16640423,44.15286741,5.186917358,2499.998711,66.05972677,0.082851092,2499.973886,2499.97323,2500,0.005534865,2499.918326,29.32611155,11.0817279,3.22e-06,3.052160981,6.954745532,0.0,0.91978947,3.103283057,0.017070376,500022.7476,1.42e-13,24.31741703,182.9609399,2493.521523,2499.972561,0.152168817,499983.686,1.144986159,18.3202667,0.000175,8.882135381,2499.998711,0.002782429,0.220053066,1.623238762,0.001316476,5.181190141,2.84e-07,2485.354887,7.061506971
54,94,1.568823725,2.696329941,0.607487539,2499.971442,10.20074829,2499.971442,2499.971477,0.244374435,0.956515929,0.269961606,0.000107,2.344645112,0.334425635,2521.1184,0.0,2499.97282,2499.972768,144.3896535,14.61336522,2882.693501,1.158792972,2.237514824,0.001660933,2499.971442,24.78307546,9365.121447,4.980270076,0.001845028,1.03409781,44.17636196,5.556376395,2499.998672,66.04643759,0.081932853,2499.972805,2499.971974,2500,0.005365484,2499.915139,29.31895275,11.37921377,3.16e-06,3.035590167,7.068250703,0.0,0.923111917,3.121149985,0.01809094,500022.7242,4.39e-14,25.0209448,182.9448079,2493.291318,2499.971441,0.150725404,499982.6913,1.144610362,19.1155894,0.000174,9.072023686,2499.998672,0.002856986,0.213211261,1.432755491,0.001052914,5.262360134,2.44e-07,2484.857119,7.180490179
55,95,1.586903715,2.711369061,0.588260656,2499.970297,10.34225696,2499.970297,2499.970332,0.240985046,0.936173127,0.256285748,0.000104,2.257823597,0.3382565,2521.736006,0.0,2499.971715,2499.971662,142.5564817,14.60055471,2898.326535,1.047527531,2.121454704,0.00087,2499.970297,26.81336079,9346.275195,5.058241524,0.001875365,0.921072705,44.198025,5.944405547,2499.998633,66.03362708,0.081524208,2499.971699,2499.970686,2500,0.00551256,2499.911885,29.31206419,11.67849739,3.11e-06,3.016945569,7.185008772,0.0,0.926916761,3.138937815,0.019138211,500022.6103,1.37e-14,25.73585472,182.9294419,2493.056621,2499.970295,0.14947665,499981.6531,1.144218791,19.93916522,0.000174,9.258940234,2499.998633,0.002931698,0.211334499,1.270008624,0.000504,5.347443332,2.1e-07,2484.325804,7.302987387
56,96,1.604312976,2.725811755,0.570835694,2499.969124,10.48019412,2499.969124,2499.96916,0.238874886,0.90032097,0.246353967,0.0001,2.175271398,0.341335236,2522.383354,0.0,2499.970583,2499.97053,140.6540708,14.58820747,2914.443918,0.953069716,2.011382269,0.000456,2499.969124,28.85888118,9326.873899,5.138751657,0.001905129,0.824966509,44.2179722,6.351342835,2499.998593,66.02127984,0.081872784,2499.970567,2499.969363,2500,0.0058817,2499.908558,29.30544101,11.97945781,3.06e-06,2.99628796,7.30513517,0.0,0.93117301,3.156751574,0.020211459,500022.4121,4.31e-15,26.46235486,182.9147936,2492.817431,2499.969123,0.148437374,499980.5702,1.143810566,20.79265889,0.000173,9.44178552,2499.998593,0.003006334,0.212912979,1.132184758,0.000396,5.436646067,1.82e-07,2483.764182,7.429126687
57,97,1.62106625,2.739702025,0.555191829,2499.967924,10.61527299,2499.967924,2499.96796,0.237719945,0.852133395,0.239075882,9.72e-05,2.097238818,0.343742512,2523.061621,0.0,2499.969424,2499.96937,138.684375,14.57630873,2931.047866,0.873494311,1.907476204,0.00024,2499.967924,30.91947077,9306.889665,5.221862553,0.001934428,0.743677281,44.23631828,6.777577903,2499.998552,66.0093811,0.082221197,2499.969408,2499.968005,2500,0.006432759,2499.905156,29.29907379,12.28209768,3e-06,2.973686861,7.428768434,0.0,0.93598984,3.17466152,0.021306322,500022.137,1.39e-15,27.20062258,182.9008196,2492.573782,2499.967922,0.147584283,499979.4418,1.143385525,21.67778779,0.000172,9.620499232,2499.998552,0.003080834,0.216976887,1.016414386,0.000308,5.530076153,1.59e-07,2483.172165,7.559053582
58,98,1.637184875,2.753073593,0.541267975,2499.966697,10.74810067,2499.966697,2499.966733,0.237267323,0.789336113,0.240828548,9.42e-05,2.023971107,0.345607351,2523.777059,0.0,2499.968239,2499.968185,136.6509178,14.56484435,2948.147959,0.806936805,1.810067695,0.000126,2499.966697,32.99481318,9286.289034,5.307811884,0.001963213,0.675476894,44.25317465,7.223578123,2499.998511,65.99791672,0.082601576,2499.968222,2499.966608,2500,0.007106181,2499.901687,29.29296642,12.58661719,2.95e-06,2.94935944,7.556110235,0.0,0.941463142,3.192699138,0.022422036,500021.7917,4.5e-16,27.95080889,182.887481,2492.325711,2499.966695,0.146923927,499978.2672,1.142776825,22.59663433,0.000192,9.795375959,2499.998511,0.003155195,0.222975882,0.91988975,0.000237,5.627896023,1.39e-07,2482.544268,7.692949922
59,99,1.652688797,2.765957646,0.528984885,2499.965442,10.87906542,2499.965442,2499.965479,0.237297291,0.714117733,0.24897969,9.13e-05,1.955516611,0.346665337,2524.529902,0.0,2499.967028,2499.966972,134.5546026,14.55380078,2965.753634,0.751654596,1.719123392,6.68e-05,2499.965442,35.08468433,9265.027559,5.396708897,0.001992001,0.618672165,44.26864728,7.689966363,2499.998469,65.98687315,0.083024298,2499.96701,2499.965175,2500,0.00771506,2499.898146,29.28708912,12.89324349,2.9e-06,2.923476622,7.687299558,0.0,0.947546508,3.211070559,0.023559531,500021.3829,1.47e-16,28.71306008,182.8747427,2492.073237,2499.965441,0.146435967,499977.045,1.142151976,23.55286974,0.000197,9.966718904,2499.998469,0.003229511,0.230467907,0.83998536,0.000181,5.730212628,1.23e-07,2481.880827,7.830957598
60,100,1.667593724,2.778384454,0.518244592,2499.96416,11.00872617,2499.96416,2499.964196,0.23765422,0.62868589,0.26123031,8.87e-05,1.891922399,0.346904478,2525.320188,0.0,2499.965788,2499.965732,132.3961802,14.54316278,2983.871654,0.706029351,1.634600338,3.54e-05,2499.96416,37.18889624,9243.077406,5.488570944,0.002020595,0.571660726,44.28283775,8.177109894,2499.998426,65.97623515,0.083493865,2499.96577,2499.963702,2500,0.00816667,2499.894531,29.2814402,13.20209529,2.85e-06,2.89612937,7.822438077,0.0,0.954225099,3.229901573,0.024719655,500020.9165,4.88e-17,29.48750572,182.8625704,2491.816379,2499.964158,0.14609556,499975.7741,1.141510447,24.5479658,0.000198,10.1345417,2499.998426,0.003303867,0.239108879,0.774264967,0.000137,5.837103143,1.09e-07,2481.18223,7.973190605
61,101,1.681913051,2.790380885,0.508931029,2499.962847,11.13756909,2499.962847,2499.962884,0.238235338,0.53534129,0.275814104,8.87e-05,1.83317733,0.346461954,2526.14817,0.0,2499.96452,2499.964464,130.1760324,14.53291801,3002.508163,0.66857534,1.556402924,1.88e-05,2499.962847,39.30732854,9220.410593,5.583432041,0.002049028,0.533039096,44.29584296,8.685455425,2499.998382,65.96599038,0.08360416,2499.964502,2499.962189,2500,0.008434103,2499.89084,29.27602042,13.51337742,2.81e-06,2.867351732,7.961639999,0.0,0.961492041,3.249256343,0.025902857,500020.3974,1.65e-17,30.27426418,182.8509352,2491.555154,2499.962846,0.145885345,499974.4535,1.140853195,25.58342036,0.000198,10.29895878,2499.998382,0.003378331,0.248683474,0.72050289,6.21e-05,5.94866197,9.64e-08,2480.448535,8.119774267
62,102,1.695664582,2.801976854,0.500919095,2499.961505,11.26609229,2499.961505,2499.961541,0.238977606,0.435416873,0.291375352,8.86e-05,1.779215903,0.345545539,2527.014346,0.0,2499.963222,2499.963165,127.8938542,14.52305452,3021.674537,0.637964625,1.484375447,1e-05,2499.961505,41.43981909,9196.999154,5.681337289,0.002077142,0.501582414,44.30775448,9.21552406,2499.998338,65.95612689,0.083961926,2499.963203,2499.960631,2500,0.008508608,2499.887071,29.27081909,13.82735759,2.76e-06,2.837121075,8.105025264,0.0,0.969306644,3.269148717,0.027110345,500019.8295,5.63e-18,31.07344889,182.8398105,2491.289581,2499.961503,0.145787599,499973.0818,1.140178236,26.66071987,0.000198,10.4601484,2499.998338,0.003452969,0.259054637,0.676713569,4.61e-05,6.064991871,8.6e-08,2479.679485,8.270841076
63,103,1.708871759,2.813181718,0.494082714,2499.96013,11.39472035,2499.96013,2499.960167,0.239846471,0.343091684,0.288061592,8.86e-05,1.729935862,0.344374937,2527.908043,0.0,2499.961892,2499.961835,125.5491079,14.5135613,3041.349133,0.613033509,1.418331694,5.35e-06,2499.96013,43.58637694,9172.814154,5.782342909,0.002105347,0.476242812,44.31865833,9.767904254,2499.998293,65.94663367,0.084517309,2499.961874,2499.959027,2500,0.008438247,2499.883222,29.26582535,14.1443623,2.71e-06,2.805400087,8.252724032,0.0,0.977611047,3.289575046,0.028343207,500019.2222,1.94e-18,31.8851737,182.8291726,2491.019671,2499.960128,0.14583955,499971.6575,1.139485097,27.78142275,0.000197,10.61834866,2499.998293,0.003527835,0.270143697,0.641163987,2.58e-05,6.186207814,7.71e-08,2478.885946,8.426532888
64,104,1.721553634,2.824020004,0.488299861,2499.958722,11.5235931,2499.958722,2499.95876,0.240835892,0.266014035,0.260922445,8.86e-05,1.685204451,0.34414811,2528.82601,0.0,2499.960531,2499.960473,123.1388306,14.50442705,3061.525273,0.592779596,1.358063847,2.87e-06,2499.958722,45.7470121,9147.843848,5.886549429,0.0021333,0.456171767,44.32863492,10.34330345,2499.998248,65.93749942,0.085188458,2499.960512,2499.957375,2500,0.008640676,2499.87929,29.26102513,14.46480174,2.67e-06,2.771677711,8.404886287,0.0,0.986394234,3.310049409,0.029600818,500018.5775,6.87e-19,32.70955442,182.8189986,2490.745436,2499.958721,0.146002978,499970.1789,1.138773296,28.94642939,0.000197,10.77396524,2499.998248,0.003602962,0.281930295,0.612359721,1.42e-05,6.312444936,6.93e-08,2478.071334,8.587007827
65,105,1.733726927,2.833043635,0.483560152,2499.957282,11.65278448,2499.957282,2499.957319,0.21561955,0.201696661,0.241290561,8.86e-05,1.644875218,0.345942361,2529.783479,0.0,2499.959137,2499.959079,120.6599412,14.49563972,3082.232931,0.576475246,1.303343994,1.54e-06,2499.957282,47.92173737,9122.119565,5.994992236,0.002161357,0.440635784,44.32866281,10.94242542,2499.998201,65.92871209,0.085954827,2499.959118,2499.955676,2500,0.009510366,2499.875276,29.25642681,14.78909756,2.62e-06,2.735364925,8.561662216,0.0,0.995840793,3.330519645,0.030883456,500017.8976,2.52e-19,33.54671226,182.8102113,2490.466882,2499.957281,0.146302749,499968.6446,1.138042178,30.15615411,0.000196,10.92738615,2499.998201,0.003678372,0.294405211,0.589041762,3.7e-06,6.443836765,6.25e-08,2477.220566,8.75242522
66,106,1.745420692,2.841861247,0.479614743,2499.955808,11.78284437,2499.955808,2499.955845,0.176803664,0.148020466,0.230302274,8.86e-05,1.608793607,0.347546605,2530.783314,0.0,2499.95771,2499.957652,118.1085894,14.48718929,3103.478468,0.563245236,1.253683524,8.33e-07,2499.955808,50.11057315,9095.596082,6.106738313,0.002189367,0.428990657,44.32869067,11.565798,2499.998154,65.92026166,0.086795498,2499.957691,2499.953927,2500,0.01038049,2499.871177,29.25201726,15.11767221,2.58e-06,2.696790048,8.723200802,0.0,1.005392708,3.351723868,0.032191477,500017.1785,1e-19,34.39321684,182.8017608,2490.184952,2499.955806,0.14675848,499967.0532,1.137290951,31.41152726,0.000195,11.07918505,2499.998154,0.003754091,0.30756335,0.570175229,1.98e-06,6.580512538,5.66e-08,2476.330923,8.922944314
67,107,1.756649887,2.850480242,0.476379603,2499.954298,11.91443889,2499.954298,2499.954336,0.140477415,0.103171569,0.224254983,8.86e-05,1.576774096,0.348087235,2531.826151,0.0,2499.956249,2499.956189,115.4816532,14.47906492,3125.28063,0.552517268,1.208426448,4.52e-07,2499.954298,52.30751946,9068.255698,6.221843914,0.002217349,0.420631198,44.32871851,12.21403358,2499.998107,65.91213729,0.087700864,2499.956228,2499.952127,2500,0.010914347,2499.866986,29.24779031,15.45094032,2.54e-06,2.656133405,8.889640516,0.0,1.014768582,3.375199013,0.033524926,500016.4125,4.04e-20,35.24727441,182.7936365,2489.900182,2499.954297,0.14733682,499965.403,1.136518227,32.71381045,0.000195,11.22993329,2499.998107,0.003830152,0.321385626,0.5549108,4.96e-07,6.722592191,5.14e-08,2475.401889,9.098720823
68,108,1.767431058,2.85890268,0.473777829,2499.952751,12.04840985,2499.952751,2499.952788,0.126730262,0.066676481,0.221013162,8.86e-05,1.548623231,0.347858619,2532.911307,0.0,2499.95475,2499.954689,112.7767906,14.47125601,3147.677229,0.543821163,1.167544412,2.46e-07,2499.952751,54.48691006,9040.066443,6.34035438,0.002245322,0.415019636,44.32874634,12.88786358,2499.99806,65.90432838,0.088663809,2499.954728,2499.950274,2500,0.011147599,2499.862698,29.24373985,15.78932312,2.5e-06,2.613358194,9.061123882,0.0,1.024262855,3.400190012,0.034884257,500015.5804,2.3e-20,36.10923872,182.7858276,2489.612549,2499.952749,0.14787966,499963.6919,1.135722323,34.06467173,0.000194,11.37948705,2499.99806,0.003906598,0.335861939,0.542555516,2.58e-07,6.87019962,4.69e-08,2474.434232,9.279917966
69,109,1.777778431,2.867135219,0.471741537,2499.951161,12.18591873,2499.951161,2499.951199,0.121752337,0.043160225,0.219364309,8.86e-05,1.524136248,0.347930896,2534.039143,0.0,2499.95321,2499.953148,109.9879991,14.46375217,3170.708294,0.536776876,1.130968737,1.34e-07,2499.951161,56.65767322,9010.973173,6.462283445,0.002273183,0.411645624,44.3287742,13.58816449,2499.998012,65.89682454,0.089650605,2499.953187,2499.948363,2500,0.011406474,2499.858301,29.23986267,16.13322835,2.46e-06,2.568242904,9.237791923,0.0,1.034193211,3.425333964,0.036270993,500014.6852,1.67e-20,36.98220162,182.7783237,2489.32129,2499.95116,0.148372505,499961.9173,1.134900883,35.46654915,0.000194,11.52753739,2499.998012,0.003983488,0.350977506,0.532531053,1.32e-07,7.023452609,4.28e-08,2473.427632,9.466703996
70,110,1.787715739,2.875167279,0.470214576,2499.949527,12.3279054,2499.949527,2499.949565,0.120138148,0.028118544,0.218630673,8.86e-05,1.503117225,0.348497319,2535.211148,0.0,2499.951626,2499.951562,107.115178,14.45654326,3194.40304,0.531082257,1.098243023,7.38e-08,2499.949527,58.82753593,8980.933426,6.587677101,0.002301087,0.41011452,44.32880211,14.31583762,2499.997963,65.88961563,0.09074896,2499.951602,2499.946394,2500,0.011770097,2499.853784,29.23614908,16.4831074,2.42e-06,2.520626882,9.419809299,0.0,1.044460608,3.450627675,0.037685865,500013.7335,1.67e-20,37.86746363,182.7711148,2489.026093,2499.949526,0.148980411,499960.0766,1.134051595,36.92153738,0.000193,11.67426863,2499.997963,0.004060862,0.366761423,0.52438878,6.67e-08,7.182497563,3.93e-08,2472.380646,9.659273054
71,111,1.797253748,2.883013012,0.469150304,2499.947847,12.47504363,2499.947847,2499.947885,0.11981083,0.018561065,0.218437585,8.86e-05,1.485455984,0.349516025,2536.429369,0.0,2499.949996,2499.949932,104.159161,14.44961899,3218.780818,0.526498876,1.06919499,4.07e-08,2499.947847,61.00135845,8949.903927,6.716751856,0.00232905,0.410292108,44.32883007,15.07185771,2499.997914,65.88269136,0.091860802,2499.949971,2499.944362,2500,0.012244203,2499.849145,29.23258986,16.83954604,2.38e-06,2.4705285,9.607421274,0.0,1.055177805,3.476086519,0.0391294,500012.7307,1.67e-20,38.76562422,182.7641905,2488.726819,2499.947845,0.149676561,499958.1675,1.133173985,38.43214874,0.000193,11.82014458,2499.997914,0.004138751,0.383348042,0.517780517,3.32e-08,7.347558267,3.61e-08,2471.291291,9.857871997
72,112,1.806410923,2.890668064,0.468512712,2499.94612,12.62767226,2499.94612,2499.946158,0.119983367,0.0125236,0.218577497,8.86e-05,1.470981726,0.350899447,2537.695492,0.0,2499.948321,2499.948255,101.1184128,14.44296939,3243.865234,0.52284524,1.043543796,2.25e-08,2499.94612,63.18229125,8917.839366,6.84970115,0.002357087,0.412029642,44.32885811,15.85731145,2499.997864,65.87604176,0.093070506,2499.948294,2499.942271,2500,0.01280855,2499.844378,29.22917982,17.20315152,2.34e-06,2.417856546,9.800856674,0.0,1.066316898,3.50172421,0.040602061,500011.6788,1.66e-20,39.6770317,182.7575409,2488.423381,2499.946118,0.150484555,499956.1876,1.132266626,40.00186777,0.000192,11.96571603,2499.997864,0.004217185,0.400828292,0.512438322,1.63e-08,7.518849909,3.33e-08,2470.157984,10.06274257
73,113,1.81520207,2.898128902,0.468272703,2499.944343,12.78628323,2499.944343,2499.944382,0.120361732,0.00872686,0.218936174,8.86e-05,1.459551846,0.352573559,2539.010897,0.0,2499.946596,2499.946529,97.99117712,14.43658508,3269.677598,0.519982135,1.02104014,1.25e-08,2499.944343,65.37253673,8884.708162,6.986625358,0.002385214,0.415094095,44.32888624,16.67304328,2499.997813,65.86965745,0.094312178,2499.946569,2499.940126,2500,0.013445308,2499.839471,29.22591835,17.57440439,2.3e-06,2.362508577,10.00031432,0.0,1.077881966,3.527552353,0.042104297,500010.5788,1.66e-20,40.60194206,182.7511566,2488.115713,2499.944342,0.151399225,499954.1347,1.131328034,41.63234927,0.000192,12.11122338,2499.997813,0.004296192,0.419229735,0.508156453,7.87e-09,7.696560456,3.08e-08,2468.979468,10.27410384
74,114,1.823636864,2.905401758,0.468403883,2499.942516,12.95133111,2499.942516,2499.942554,0.120838525,0.006345586,0.219451783,8.86e-05,1.451027046,0.354486914,2540.377024,0.0,2499.944821,2499.944753,94.77530173,14.43045704,3296.240034,0.517798924,1.001458976,7e-09,2499.942516,67.57361484,8850.477483,7.127640701,0.002413442,0.419305035,44.32891446,17.51994924,2499.997761,65.86352941,0.09559041,2499.944793,2499.937915,2500,0.014136712,2499.834424,29.22280364,17.95380989,2.26e-06,2.304378004,10.20600657,0.0,1.089904869,3.55357823,0.043636524,500009.431,1.66e-20,41.54058156,182.7450286,2487.80375,2499.942514,0.152386542,499952.0064,1.130356785,43.32534427,0.000191,12.25692464,2499.997761,0.004375797,0.43859646,0.504772927,3.75e-09,7.880893968,2.86e-08,2467.754427,10.49218916
75,115,1.831727686,2.912492412,0.468882555,2499.940635,13.12325066,2499.940635,2499.940674,0.121374875,0.004852173,0.220090652,8.86e-05,1.445273434,0.356604938,2541.795375,0.0,2499.942994,2499.942925,91.46840617,14.42457653,3323.575442,0.516207935,0.984593115,3.93e-09,2499.940635,69.786623,8815.112983,7.272874579,0.002441871,0.424521857,44.32894281,18.39897739,2499.997709,65.85764889,0.096876971,2499.942965,2499.935637,2500,0.014869164,2499.829231,29.2198276,18.34189424,2.23e-06,2.243356416,10.41815952,0.0,1.102443537,3.579806764,0.045199152,500008.235,1.66e-20,42.49317196,182.7391481,2487.487428,2499.940634,0.153427149,499949.8004,1.129351469,45.08270724,0.000191,12.40308872,2499.997709,0.004456026,0.458983167,0.502160335,1.76e-09,8.072068796,2.65e-08,2466.481488,10.71724513
76,116,1.839489996,2.919395913,0.469687546,2499.938699,13.30246636,2499.938699,2499.938737,0.121956564,0.003912266,0.220834002,8.86e-05,1.442159106,0.358905428,2543.267517,0.0,2499.941112,2499.941041,88.06777034,14.4189351,3351.708038,0.515139673,0.97025011,2.22e-09,2499.938699,72.0123803,8778.578725,7.422466456,0.002470425,0.430639166,44.32897128,19.31112249,2499.997656,65.85200747,0.098251805,2499.941082,2499.933289,2500,0.015631191,2499.823888,29.21697748,18.73920142,2.19e-06,2.179325994,10.63700888,0.0,1.115482554,3.606240903,0.046792563,500006.9904,1.65e-20,43.45993921,182.7335066,2487.166678,2499.938697,0.154546421,499947.514,1.128310675,46.90639703,0.00017,12.5499913,2499.997656,0.004536902,0.4804519,0.500218222,8.13e-10,8.270316045,2.47e-08,2465.159217,10.94953071
77,117,1.84692791,2.926120508,0.470800215,2499.936705,13.48940126,2499.936705,2499.936744,0.122578224,0.003315514,0.221671042,8.86e-05,1.441561517,0.361376545,2544.795074,0.0,2499.939173,2499.939102,84.57069073,14.41360699,3380.662532,0.51453907,0.958249779,1.26e-09,2499.936705,74.25154349,8740.836977,7.576563631,0.002499111,0.437573022,44.32899989,20.25743042,2499.997602,65.84659638,0.099603902,2499.939142,2499.930869,2500,0.016417312,2499.818388,29.21418081,19.14629159,2.16e-06,2.112171782,10.86280531,0.0,1.129076629,3.632883597,0.048417023,500005.6964,1.65e-20,44.4411151,182.7280956,2486.841426,2499.936704,0.155719284,499945.1446,1.127232959,48.79848174,0.000164,12.69790987,2499.997602,0.004618449,0.503070046,0.498867854,3.7e-10,8.475879356,2.31e-08,2463.786131,11.18931731
78,118,1.854058555,2.932662281,0.472204024,2499.934651,13.68447699,2499.934651,2499.93469,0.123237429,0.002930802,0.222594997,8.86e-05,1.443360561,0.364008685,2546.379758,0.0,2499.937175,2499.937103,80.97404585,14.40860408,3410.465378,0.514362122,0.948424254,4.31e-10,2499.934651,76.50462733,8701.848404,7.735322566,0.002527944,0.445264025,44.32902865,21.23899848,2499.997547,65.84140836,0.101071349,2499.937143,2499.928373,2500,0.017219299,2499.812724,29.21140186,19.56374038,2.12e-06,2.041766937,11.09580795,0.0,1.143241618,3.659736203,0.05007297,500004.352,1.65e-20,45.43694123,182.7229075,2486.511591,2499.93465,0.156960616,499942.6895,1.126116849,50.76112982,0.000163,12.84712474,2499.997547,0.004700691,0.526910007,0.498046498,1.6e-10,8.689014609,2.16e-08,2462.360665,11.43688864
79,119,1.860893211,2.939018707,0.473884536,2499.932536,13.88812278,2499.932536,2499.932575,0.12393291,0.002676908,0.223601392,8.86e-05,1.447445688,0.366796274,2548.02333,0.0,2499.935116,2499.935043,77.27477072,14.40390872,3441.143609,0.514570299,0.940616043,2.47e-10,2499.932536,78.77213412,8661.571702,7.898907278,0.002556932,0.453666238,44.32905757,22.25697463,2499.997492,65.83643549,0.102557017,2499.935083,2499.9258,2500,0.018036364,2499.806892,29.20865328,19.99213729,2.09e-06,1.967985745,11.33628986,0.0,1.158005146,3.686801645,0.05176073,500002.9562,1.65e-20,46.44766732,182.7179347,2486.177088,2499.932534,0.158275688,499940.1458,1.124960821,52.79662849,0.000162,12.99791366,2499.997492,0.004783646,0.552048106,0.497704288,6.93e-11,8.909991414,2.02e-08,2460.881209,11.69254085
80,120,1.86744026,2.945197057,0.475829063,2499.930356,14.10077156,2499.930356,2499.930395,0.124663708,0.002503883,0.224686874,8.86e-05,1.453713514,0.369736305,2549.727641,0.0,2499.932993,2499.932919,73.46964267,14.40155716,3472.725388,0.515129188,0.934679545,2e-10,2499.930356,81.05446849,8619.96384,8.067490354,0.002586082,0.462748761,44.32908666,23.31255997,2499.997436,65.8316707,0.104025028,2499.932959,2499.923146,2500,0.018864185,2499.800883,29.20388849,20.43208627,2.06e-06,1.890696014,11.58453614,0.0,1.173413879,3.714081088,0.053480987,500001.5079,1.65e-20,47.47355197,182.7131699,2485.837826,2499.930355,0.159637988,499937.5105,1.123763305,54.90736959,0.000161,13.1505542,2499.997436,0.004867331,0.578565273,0.497800958,4.65e-11,9.139094041,1.9e-08,2459.346072,11.95658291
81,121,1.873711705,2.951195354,0.478020975,2499.928109,14.32286135,2499.928109,2499.928148,0.125429031,0.002381228,0.225848796,8.86e-05,1.462066609,0.372818868,2551.494629,0.0,2499.930804,2499.93073,69.55515575,14.39931793,3505.240426,0.51601923,0.930480544,1.63e-10,2499.928109,83.3519755,8576.979959,8.241252891,0.002615354,0.472492473,44.32911593,24.40700941,2499.997378,65.82710689,0.105559128,2499.93077,2499.920408,2500,0.019698043,2499.794692,29.19932468,20.88420545,2.03e-06,1.809756419,11.84084248,0.0,1.189484602,3.741574868,0.055233903,500000.0058,1.64e-20,48.5148636,182.7086061,2485.493707,2499.928108,0.161070075,499934.7804,1.122522681,57.09585608,0.000161,13.30532308,2499.997378,0.004951769,0.606546831,0.498303325,3.11e-11,9.376616475,1.79e-08,2457.753484,12.22933779
82,122,1.879713885,2.957016269,0.480459706,2499.925794,14.55484332,2499.925794,2499.925833,0.126228197,0.002290329,0.227084974,8.86e-05,1.472415552,0.376059191,2553.326301,0.0,2499.928548,2499.928472,65.52767578,14.39718611,3538.719623,0.517223742,0.927894632,1.32e-10,2499.925794,85.66502619,8532.573147,8.420383696,0.002644817,0.482886749,44.32914539,25.54163061,2499.99732,65.82273718,0.107173566,2499.928512,2499.917584,2500,0.020537765,2499.788312,29.19495497,21.34912675,2e-06,1.725020553,12.10551687,0.0,1.20624872,3.76928439,0.057020011,499998.4483,1.64e-20,49.57187925,182.7042364,2485.144628,2499.925792,0.162543998,499931.9523,1.121237263,59.36471337,0.000181,13.4624934,2499.99732,0.005036982,0.636082308,0.499185154,2.07e-11,9.622862766,1.69e-08,2456.101607,12.51113988
83,123,1.885456313,2.962658765,0.483130077,2499.923407,14.79717767,2499.923406,2499.923446,0.12706057,0.002242763,0.228393518,8.86e-05,1.484682504,0.37940858,2555.224744,0.0,2499.926221,2499.926143,61.38356716,14.39516209,3573.194766,0.518728428,0.926807499,1.07e-10,2499.923406,87.99398983,8486.694443,8.605089132,0.002673488,0.493928779,44.32917506,26.71779155,2499.997262,65.81855449,0.10877772,2499.926184,2499.91467,2500,0.021383763,2499.781734,29.19077228,21.82749659,1.97e-06,1.636340007,12.37888348,0.0,1.223736755,3.797219318,0.058840113,499996.8342,1.64e-20,50.64488648,182.7000537,2484.790479,2499.923405,0.164114726,499929.0227,1.119905299,61.71668828,0.000165,13.62233603,2499.997262,0.005122992,0.667266115,0.500369797,1.37e-11,9.878151672,1.59e-08,2454.388534,12.80233849
84,124,1.8909483,2.968123853,0.486039195,2499.920946,15.0503354,2499.920944,2499.920985,0.127925521,0.002200867,0.229772719,8.86e-05,1.498792539,0.382905877,2557.192159,0.0,2499.92382,2499.923741,57.11882676,14.39323523,3608.699468,0.520520951,0.927116393,8.69e-11,2499.920944,90.33917453,8439.293009,8.795569994,0.002702431,0.505623759,44.32920494,27.93691657,2499.997202,65.81455289,0.110479071,2499.923783,2499.911662,2500,0.022233377,2499.774953,29.18677068,22.31997765,1.94e-06,1.543553649,12.66127488,0.0,1.241979719,3.825375652,0.060694022,499995.1618,1.64e-20,51.73417951,182.6960521,2484.431146,2499.920942,0.165731642,499925.9882,1.118524977,64.15464272,0.000161,13.78512102,2499.997202,0.005209824,0.700198177,0.501882765,9.08e-12,10.14281579,1.51e-08,2452.612251,13.10329747
85,125,1.896198164,2.973414837,0.489167927,2499.918407,15.31480211,2499.918404,2499.918446,0.128822485,0.002171084,0.23122107,8.86e-05,1.514685069,0.386565553,2559.230809,0.0,2499.921343,2499.921262,52.72952329,14.39140588,3645.2681,0.522590706,0.928726847,7.05e-11,2499.918404,92.70093914,8390.315661,8.992045049,0.002731693,0.517980627,44.32923416,29.20049077,2499.997141,65.81072576,0.112134325,2499.921305,2499.908555,2500,0.02308834,2499.767963,29.18294355,22.82724962,1.91e-06,1.446500828,12.95304207,0.0,1.261007333,3.853758229,0.062582338,499993.4296,1.64e-20,52.84006445,182.6922249,2484.066508,2499.918403,0.167370634,499922.8451,1.117094407,66.68157563,0.00018,13.95111539,2499.997141,0.005297499,0.734984356,0.503707707,5.98e-12,10.41720157,1.43e-08,2450.770684,13.41439541
86,126,1.901216959,2.978531669,0.492511802,2499.915791,15.59108126,2499.915787,2499.91583,0.12975092,0.002145881,0.232737207,8.86e-05,1.532405439,0.390391566,2561.34403,0.0,2499.918789,2499.918706,48.21628899,14.38967281,3682.924093,0.527342104,0.931859432,5.72e-11,2499.915787,95.07233732,8339.702259,9.194947228,0.002761239,0.531257501,44.32926368,30.51006291,2499.99708,65.80706696,0.115646881,2499.91875,2499.90535,2500,0.02394491,2499.760761,29.17928475,23.35013769,1.88e-06,1.345262546,13.25462115,0.0,1.281006005,3.882364701,0.064505768,499991.6384,1.64e-20,53.96285772,182.6885661,2483.696437,2499.915786,0.167303651,499919.5901,1.115614268,69.30080911,0.000164,14.12090649,2499.99708,0.00538604,0.771846173,0.5058337,3.93e-12,10.70173785,1.36e-08,2448.8607,13.73606669
87,127,1.906012711,2.98347816,0.496068423,2499.913097,15.87968907,2499.913093,2499.913136,0.130706802,0.002113814,0.234316481,8.86e-05,1.551980373,0.394295933,2563.535449,0.0,2499.916159,2499.916074,43.58071119,14.38802793,3721.693965,0.536235658,0.936738227,4.64e-11,2499.913093,97.44656976,8287.386606,9.4047325,0.002791078,0.545694545,44.32929425,31.86724564,2499.997017,65.80357113,0.118003623,2499.916119,2499.902042,2500,0.02485942,2499.753355,29.17578892,23.88950647,1.86e-06,1.23999676,13.56644842,0.0,1.302137541,3.911202928,0.066464387,499989.7858,1.64e-20,55.10293997,182.6850703,2483.320763,2499.913091,0.16844566,499916.2201,1.114085854,72.0159135,0.00016,14.29516797,2499.997017,0.005475473,0.810976592,0.50828799,2.57e-12,10.9968496,1.3e-08,2446.878906,14.06873565
88,128,1.910593454,2.988254949,0.4998369,2499.910324,16.18114318,2499.910318,2499.910363,0.131684965,0.002099523,0.235952665,8.86e-05,1.573273939,0.398356197,2565.807893,0.0,2499.913449,2499.913364,38.81945873,14.38646832,3761.613644,0.547832953,0.943200249,3.77e-11,2499.910318,99.82316759,8233.305041,9.621617246,0.002821219,0.561200881,44.32932507,33.27370174,2499.996953,65.80023234,0.119973587,2499.913409,2499.898625,2500,0.025782014,2499.745738,29.17245013,24.44608033,1.83e-06,1.130577004,13.88885596,0.0,1.324337357,3.940269922,0.068458934,499987.8722,1.64e-20,56.26064852,182.6817315,2482.939339,2499.910317,0.170016098,499912.7312,1.1125078,74.83025699,0.000179,14.47423777,2499.996953,0.005565826,0.852399612,0.511002809,1.68e-12,11.3028638,1.24e-08,2444.822733,14.41275852
89,129,1.91496422,2.992865111,0.503815259,2499.907467,16.49595753,2499.907462,2499.907507,0.132683869,0.002019818,0.237642774,8.86e-05,1.596163574,0.402563885,2568.164374,0.0,2499.910658,2499.910571,33.92889936,14.38500105,3802.721484,0.561225976,0.951139675,3.06e-11,2499.907462,102.2018015,8177.3909,9.845773212,0.002851672,0.577716899,44.32935618,34.73119917,2499.996889,65.79704527,0.121826498,2499.910618,2499.895095,2500,0.026696834,2499.737906,29.16926306,25.02059909,3.2e-06,1.016888599,14.22218946,0.0,1.347578809,3.969410647,0.070490282,499985.8971,1.64e-20,57.43635205,182.6785444,2482.551983,2499.90746,0.171756207,499909.1191,1.110878743,77.74740461,0.000183,14.6584271,2499.996889,0.005657128,0.896166611,0.514283833,1.09e-12,11.62012235,1.18e-08,2442.689415,14.7685059
90,130,1.919134035,2.997307748,0.508001324,2499.904526,16.82464938,2499.90452,2499.904566,0.133703002,0.001986545,0.239385275,8.86e-05,1.620540108,0.40691858,2570.607989,0.0,2499.907783,2499.907695,28.90527095,14.38361274,3845.057377,0.575850696,0.960529735,2.48e-11,2499.90452,104.5821325,8119.574612,10.07750252,0.002882447,0.595203243,44.32938756,36.24160041,2499.996823,65.79400492,0.123655668,2499.907742,2499.891447,2500,0.027599647,2499.729853,29.16622271,25.61381552,6.56e-06,0.898815851,14.56680805,0.0,1.371892881,3.99838468,0.072558866,499983.8591,1.64e-20,58.63043638,182.6755041,2482.158511,2499.904518,0.173533128,499905.3794,1.10919731,80.77111314,0.000184,14.84798773,2499.996823,0.005749407,0.942349998,0.517675078,7.09e-13,11.94898089,1.13e-08,2440.476087,15.13636192
91,131,1.923112422,3.001583987,0.512392753,2499.901497,17.16772158,2499.90149,2499.901537,0.134741941,0.001956735,0.241179051,8.86e-05,1.646305489,0.41141576,2573.142242,0.0,2499.904822,2499.904732,23.7443314,14.38229523,3888.663701,0.591361788,0.971245992,2.01e-11,2499.90149,106.9640098,8059.784079,10.31703449,0.00291355,0.61363778,44.32941924,37.80686041,2499.996757,65.79110643,0.125492858,2499.90478,2499.887676,2500,0.028490109,2499.721572,29.16332422,26.22649478,1.48e-05,0.776241539,14.92308319,0.0,1.397222849,4.027155096,0.074665237,499981.7566,1.64e-20,59.84330244,182.6726056,2481.758728,2499.901489,0.175344437,499901.5077,1.107462118,83.90529309,0.000164,15.043288,2499.996757,0.00584269,0.991037836,0.521333368,4.58e-13,12.28980766,1.08e-08,2438.179481,15.51672348
92,132,1.926906345,3.005692992,0.516987538,2499.898378,17.52573121,2499.898371,2499.898418,0.135800384,0.001938099,0.243023306,8.86e-05,1.673372318,0.416053853,2575.770808,0.0,2499.901771,2499.90168,18.44165496,14.38104035,3933.584841,0.607551343,0.983178903,1.63e-11,2499.898371,109.3470439,7997.944092,10.56463604,0.002944994,0.633009268,44.32945122,39.42902085,2499.996689,65.78834418,0.127348888,2499.901729,2499.883778,2500,0.029369001,2499.713059,29.16056197,26.8594134,2.51e-05,0.649046745,15.29139829,0.0,1.423518525,4.055708711,0.076809765,499979.5877,1.64e-20,61.07536189,182.6698434,2481.352433,2499.898369,0.177230431,499897.499,1.105671763,87.15403509,0.000149,15.24469265,2499.996689,0.005937006,1.042330367,0.525219265,2.95e-13,12.64298307,1.04e-08,2435.79615,15.9099999
93,133,1.93052357,3.009492433,0.521916036,2499.895412,17.82071391,2499.895404,2499.895451,0.137891041,0.002528019,0.24491746,8.86e-05,1.707157837,0.420833017,2578.540409,0.0,2499.898875,2499.898783,13.7455069,14.37984511,3977.179404,0.650536909,1.012376643,1.01e-11,2499.895404,111.2941753,7935.071323,10.83716413,0.002974686,0.672456976,44.32948091,41.11977734,2499.99662,65.78571175,0.134396306,2499.898831,2499.880076,2500,0.030237774,2499.704964,29.15792954,27.52649154,3.64e-05,0.531102663,15.67809729,0.0,1.460880097,4.078772973,0.078846046,499977.9376,1.64e-20,62.3270383,182.6672109,2480.939417,2499.895403,0.17910251,499893.3899,1.10395996,90.23230393,0.000175,15.48771665,2499.99662,0.006026073,1.105132756,0.529133422,1.9e-13,13.01504524,9.94e-09,2433.280869,16.32040069
94,134,1.933971754,3.012859516,0.527239783,2499.892896,17.96103175,2499.892888,2499.892935,0.143996865,0.002998525,0.246514814,8.86e-05,1.751992222,0.425533199,2581.496679,0.0,2499.896429,2499.896336,10.53227443,14.37870664,4016.23217,0.738641808,1.070663893,6.21e-12,2499.892888,112.3327043,7872.609747,11.15270868,0.003000337,0.749267178,44.32950656,42.88295364,2499.99655,65.78320305,0.148257151,2499.896385,2499.876987,2500,0.031214565,2499.698056,29.15542084,28.24176507,4.76e-05,0.439077635,16.08821653,0.0,1.515229478,4.102634583,0.080608741,499977.5153,1.64e-20,63.59832939,182.6647022,2480.519894,2499.892886,0.180663962,499889.2461,1.102487459,92.80227479,0.000161,15.81908104,2499.99655,0.006103024,1.185943802,0.533197882,1.22e-13,13.41104273,9.55e-09,2430.591388,16.75029135
95,135,1.937258599,3.015949989,0.532730865,2499.890717,17.99438352,2499.890709,2499.890757,0.14793521,0.002396364,0.247300917,8.86e-05,1.801392602,0.430205579,2584.626311,0.0,2499.894322,2499.894228,8.33910253,14.37762243,4052.144484,0.99141712,1.144056921,5.03e-12,2499.890709,112.7607879,7810.480398,11.49883931,0.003023412,0.842388574,44.32952963,44.68991293,2499.996479,65.78081226,0.15813268,2499.894278,2499.874354,2500,0.03241249,2499.692045,29.15303005,28.99291027,5.9e-05,0.367387845,16.51372819,0.0,1.577475322,4.127130177,0.082176618,499977.8607,1.64e-20,64.88897143,182.6623114,2480.09459,2499.890707,0.182982624,499885.0983,1.10120112,95.02876757,0.000198,16.22018677,2499.996479,0.006172249,1.272160871,0.537771609,7.75e-14,13.82250351,9.18e-09,2427.743515,17.19243805
96,136,1.940391226,3.018842408,0.538338809,2499.888775,17.95495687,2499.888766,2499.888814,0.168308741,0.002666525,0.247294223,8.86e-05,1.850431063,0.435391607,2587.977351,0.0,2499.892453,2499.892357,6.66019932,14.37658981,4086.303729,1.440672318,1.220815513,4.06e-12,2499.888766,112.772647,7748.782799,11.86464261,0.003044747,0.935942,44.32955097,46.52191431,2499.996407,65.77853383,0.16553597,2499.892407,2499.872047,2500,0.033578997,2499.686654,29.15075162,29.76885276,6.99e-05,0.310192023,16.9479881,1.63e-13,1.640747408,4.152222387,0.083625464,499978.3394,1.64e-20,66.19827018,182.660033,2479.663968,2499.888765,0.183349017,499880.9591,1.1000449,97.02750725,0.000211,16.6734837,2499.996407,0.006236254,1.354964957,0.837595506,4.92e-14,14.24260076,8.84e-09,2424.689644,17.64106276
97,137,1.943376572,3.021534542,0.54406898,2499.886991,17.86518136,2499.886982,2499.88703,0.358917631,0.002780099,0.256870267,8.86e-05,1.896144119,0.440869558,2591.386085,0.0,2499.890742,2499.890646,5.386456861,14.37560614,4119.106122,1.592209197,1.29397501,3.26e-12,2499.886982,112.4731316,7687.201234,12.24164277,0.003064785,1.019527434,44.329571,48.36407837,2499.996334,65.77636249,0.170596225,2499.890696,2499.869959,2500,0.034719752,2499.681676,29.14858028,30.56043684,8.04e-05,0.262835894,17.38606036,2.67e-13,1.700627171,4.177770887,0.084984551,499979.1585,1.64e-20,67.52877453,182.6578617,2479.227845,2499.88698,0.182747104,499876.8385,1.098973366,98.87174437,0.000187,17.16279377,2499.996334,0.006296369,1.437905041,1.33115311,3.11e-14,14.66639751,8.51e-09,2421.583714,18.09197775
98,138,1.946222344,3.02402825,0.549912839,2499.885305,17.74238558,2499.885295,2499.885344,0.502743665,0.002787363,0.369012102,8.86e-05,1.93713643,0.449895697,2594.821468,0.0,2499.889132,2499.889035,4.341294956,14.37466971,4151.311463,1.717834485,1.360049423,2.6e-12,2499.885295,112.1417246,7625.592094,12.62415397,0.003084006,1.087765563,44.32959023,50.20779741,2499.996259,65.7742932,0.173846174,2499.889085,2499.868017,2500,0.037032053,2499.676948,29.14651099,31.36099339,9.05e-05,0.221722966,17.82468027,2.58e-13,1.754821412,4.203414282,0.086288479,499980.2558,1.64e-20,68.90293808,182.6557924,2478.780234,2499.885294,0.181329997,499872.7393,1.097952827,100.6112097,0.000208,17.67524095,2499.996259,0.006354033,1.570090209,1.70601086,1.96e-14,15.09055498,8.2e-09,2418.403167,18.54242821
99,139,1.948934892,3.026347178,0.555913438,2499.883691,17.59530923,2499.883681,2499.88373,0.629674968,0.002719497,0.517299674,8.86e-05,1.973327867,0.456153491,2598.255934,0.0,2499.887596,2499.887498,3.483762867,14.37377802,4183.023472,1.821784333,1.418031606,2.07e-12,2499.883681,111.7839584,7563.991436,13.00941343,0.00310266,1.139743424,44.32960888,52.04875938,2499.996182,65.77232117,0.175789596,2499.887549,2499.866189,2500,0.038570032,2499.672399,29.14453896,32.16644942,0.0001,0.187152464,18.26209199,2.48e-13,1.803033041,4.230699716,0.087575018,499981.5788,1.64e-20,70.31533132,182.6538203,2478.322717,2499.88368,0.179553378,499868.6637,1.096968847,102.2655895,0.000152,18.2041669,2499.996182,0.006409994,1.738680372,1.990520709,1.23e-14,15.51324875,7.9e-09,2415.186151,18.99085869
100,140,1.951519911,3.028513157,0.562226949,2499.882133,17.4300271,2499.882123,2499.882173,0.747701589,0.002608694,0.610110764,8.86e-05,2.0050169,0.511812492,2601.674061,0.0,2499.886118,2499.88602,2.781039916,14.37292896,4214.383262,1.907715242,1.466281947,1.63e-12,2499.882123,111.4041111,7502.469987,13.39554208,0.003119389,1.175869258,44.32962561,53.88122971,2499.996102,65.77044182,0.176750695,2499.88607,2499.86446,2500,0.03888352,2499.667977,29.14265961,32.97361877,0.000109,0.160997506,18.69705499,2.39e-13,1.846278043,4.260290753,0.088707687,499983.025,1.64e-20,71.76426226,182.651941,2477.855901,2499.882122,0.177539114,499864.6193,1.096011394,103.8491083,0.000135,18.74633679,2499.996102,0.00646018,1.93370058,2.206652659,7.64e-15,15.93319554,7.62e-09,2411.956509,19.4361511
101,141,1.953984203,3.030546298,0.56889569,2499.880622,17.24996083,2499.880611,2499.880661,0.844527401,0.002474766,0.661014386,8.86e-05,2.032623805,0.596715263,2605.071272,0.0,2499.884689,2499.884589,2.205972178,14.37212046,4245.438479,1.978738544,1.504634201,1.28e-12,2499.880611,111.0043389,7441.11458,13.78114396,0.00313333,1.197200449,44.32963955,55.70221047,2499.996021,65.7686508,0.176971467,2499.88464,2499.862816,2500,0.038163468,2499.663655,29.1408686,33.77993483,0.000118,0.144653755,19.12864634,2.31e-13,1.885440715,4.292195197,0.089610917,499984.5754,1.64e-20,73.24897175,182.65015,2477.380048,2499.88061,0.17532092,499860.6096,1.095074892,105.3720323,0.000142,19.2987258,2499.996021,0.006502008,2.148992944,2.369955135,4.73e-15,16.34947494,7.34e-09,2408.723963,19.87747471
102,142,1.956330986,3.032468099,0.575827138,2499.879147,17.05766691,2499.879137,2499.879186,0.914331292,0.002303476,0.685018152,8.86e-05,2.056555326,0.697994336,2608.444232,0.0,2499.883298,2499.883197,1.734833442,14.37135058,4276.200417,2.037457354,1.534732809,9.99e-13,2499.879137,110.5878778,7380.017681,14.16506935,0.003144963,1.20509251,44.32965118,57.50916102,2499.995938,65.76694397,0.176548123,2499.883248,2499.861245,2500,0.03655857,2499.65941,29.13916176,34.58326223,0.000125,0.135109701,19.55613569,2.23e-13,1.92063418,4.326190488,0.090323968,499986.218,1.64e-20,74.76693807,182.6484431,2476.895931,2499.879135,0.172946458,499856.6376,1.094155435,106.841787,0.000144,19.85700415,2499.995938,0.006536907,2.377497384,2.494191308,2.91e-15,16.76137107,7.09e-09,2405.498108,20.31417931
103,143,1.958566912,3.034286441,0.582973235,2499.877703,16.85507575,2499.877693,2499.877742,0.956115151,0.002126561,0.691857098,8.86e-05,2.077246238,0.806345966,2611.78999,0.0,2499.881939,2499.881837,1.348397672,14.3706175,4306.672586,2.086052697,1.558047896,7.73e-13,2499.877693,110.1572383,7319.263909,14.5464422,0.003154687,1.201170815,44.32966091,59.3000312,2499.995854,65.76531735,0.175582065,2499.881889,2499.859737,2500,0.03412972,2499.655227,29.13753514,35.38185339,0.000131,0.130332688,19.97896859,2.15e-13,1.952033085,4.36214204,0.09087967,499987.9397,1.64e-20,76.31473605,182.6468165,2476.404654,2499.877691,0.170469699,499852.7058,1.093250197,108.2640784,0.000145,20.41769834,2499.995854,0.00656608,2.613659856,2.589824175,1.78e-15,17.16835103,6.84e-09,2402.286863,20.74577435
104,144,1.960697161,3.036015097,0.590308192,2499.876285,16.64373364,2499.876275,2499.876324,0.971306081,0.001940568,0.687836035,8.86e-05,2.095130163,0.91531751,2615.105977,0.0,2499.880608,2499.880505,1.031075981,14.36991947,4336.853396,2.126304486,1.575838364,5.94e-13,2499.876275,109.7143759,7258.930284,14.92459536,0.003162827,1.187179273,44.32966905,61.0731629,2499.995768,65.76376718,0.174175472,2499.880556,2499.858282,2500,0.030928424,2499.651096,29.13598497,36.17428442,0.000136,0.128926045,20.39672758,2.08e-13,1.979967995,4.399927693,0.091305655,499989.7271,1.64e-20,77.88860393,182.6452664,2475.907474,2499.876273,0.167932773,499848.8164,1.092357132,109.6432915,0.000147,20.97805911,2499.995768,0.006590501,2.853120624,2.664717455,1.08e-15,17.5700336,6.61e-09,2399.096732,21.17189279
105,145,1.96272675,3.037682668,0.59781708,2499.87489,16.42467828,2499.874879,2499.874929,0.962407203,0.001745875,0.677031029,8.86e-05,2.110617855,1.020375509,2618.389692,0.0,2499.8793,2499.879196,0.770501941,14.36925486,4366.736728,2.159549361,1.589176654,4.53e-13,2499.874879,109.2607848,7199.086643,15.29902151,0.003169607,1.164867964,44.32967583,62.8272144,2499.995681,65.76228987,0.172416271,2499.879248,2499.856875,2500,0.027025634,2499.647009,29.13450766,36.95940183,0.00014,0.129914815,20.8091053,2.01e-13,2.004810114,4.43941035,0.091625083,499991.5683,1.64e-20,79.48474889,182.6437891,2475.405709,2499.874878,0.1653654,499844.9713,1.091474773,110.982808,0.000168,21.53591087,2499.995681,0.006610841,3.092490079,2.724739987,6.52e-16,17.96621422,6.38e-09,2395.933309,21.59226005
106,146,1.964660596,3.039292937,0.605489685,2499.873515,16.19867819,2499.873504,2499.873554,0.932282457,0.001558752,0.662072171,8.86e-05,2.124081781,1.118412925,2621.639,0.0,2499.878013,2499.877909,0.556584029,14.36862183,4396.314435,2.187090352,1.598904559,3.42e-13,2499.873504,108.7976575,7139.796256,15.66948656,0.003175268,1.135911534,44.32968149,64.56108254,2499.995594,65.760882,0.170375847,2499.87796,2499.85551,2500,0.02251925,2499.64296,29.13309979,37.73626939,0.000144,0.132605103,21.21586749,1.94e-13,2.026718655,4.480660027,0.091857478,499993.452,1.64e-20,81.09949595,182.6423812,2474.90066,2499.873502,0.162787079,499841.1719,1.090602068,112.2852516,0.000164,22.08959814,2499.995594,0.006627822,3.32909488,2.77435839,3.91e-16,18.35666225,6.17e-09,2392.801189,22.00667296
107,147,1.966498141,3.040859732,0.613318863,2499.872158,15.96680234,2499.872147,2499.872197,0.883795286,0.001395332,0.644654475,8.86e-05,2.135857168,1.208563131,2624.853049,0.0,2499.876745,2499.87664,0.38023705,29.00220125,4425.579522,2.209957848,1.606159869,2.56e-13,2499.872147,108.3266664,7081.117462,16.03557607,0.003180005,1.101857343,44.32968622,66.27385576,2499.995506,134.2700678,0.168112155,2499.876691,2499.854185,2500,0.017528844,2499.638946,62.2670256,38.50413453,0.000142,0.136494086,21.61684387,1.88e-13,2.045728067,4.524291509,0.091924118,499995.3673,1.64e-20,82.72935616,329.7886518,2474.39367,2499.872146,0.160213061,499837.4197,1.089738272,113.5526449,0.000144,22.63748718,2499.995506,0.006642004,3.560965327,2.816830091,2.33e-16,18.74123489,5.97e-09,2389.70305,22.41498445
108,148,1.968248275,3.042381082,0.621299167,2499.870818,15.73008876,2499.870807,2499.870857,0.819635573,0.001187044,0.624482466,0.000255,2.146241135,1.290578483,2628.030136,0.0,2499.875495,2499.875388,0.235066895,29.00162697,4454.521248,2.229029123,1.611905911,1.91e-13,2499.870807,107.8486652,7023.102214,16.39696876,0.003183968,1.06409336,44.32969017,67.96478165,2499.995418,134.2687891,0.165692475,2499.87544,2499.852897,2500,0.013030953,2499.634964,62.26574696,39.26239611,0.00014,0.141426278,22.01191143,1.82e-13,2.062479204,4.569348111,0.091963292,499997.3048,1.64e-20,84.37106906,329.7873732,2473.88601,2499.870806,0.15765266,499833.7157,1.088882869,114.7866232,0.000159,23.17807127,2499.995418,0.006653864,3.786453814,2.8545272,1.38e-16,19.11981916,5.78e-09,2386.642151,22.81709087
109,149,1.969916905,3.044180185,0.62942522,2499.869495,15.48933151,2499.869484,2499.869535,0.742039448,0.000695,0.601741898,0.000815,2.155492819,1.332177945,2631.149563,0.0,2499.874261,2499.874153,0.139283457,29.00108002,4483.018341,2.241621631,1.616391828,9.52e-14,2499.869484,107.3639442,6965.797977,16.75352318,0.003186513,1.023826971,44.32969271,69.63322609,2499.995329,134.2675706,0.163098256,2499.874206,2499.85019,2500,0.009603773,2499.632467,62.26452841,40.0105759,0.000138,0.147245824,22.40098636,1.76e-13,2.073992694,4.615534934,0.09198082,499999.3211,1.64e-20,86.02160839,329.7861546,2473.378896,2499.869483,0.155111597,499830.0611,1.088035522,115.9882195,0.000165,23.71081769,2499.995329,0.006663814,4.004389537,2.889209074,4.8e-17,19.49425389,5.59e-09,2383.640314,23.21292096
110,150,1.971509767,3.046693396,0.637685885,2499.868188,15.24543483,2499.868177,2499.868228,0.652875963,0.000382,0.578308003,0.000815,2.163826476,1.33954462,2634.212398,0.0,2499.873043,2499.872934,0.083212002,29.00055912,4511.070833,2.251295103,1.619890698,4.73e-14,2499.868177,106.8724631,6909.279143,17.10513563,0.003188984,0.982127796,44.32969518,71.27864445,2499.995242,134.2664093,0.160352318,2499.872987,2499.847573,2500,0.007015775,2499.629943,62.26336713,40.74829689,0.000138,0.153668396,22.78408329,1.7e-13,2.081728624,4.663140946,0.091975502,500001.3956,1.64e-20,87.67814172,329.7849933,2472.8735,2499.868175,0.150542594,499826.4567,1.087195989,117.1582148,0.000164,24.23542947,2499.995242,0.006672458,4.213052413,2.922849838,1.68e-17,19.86479982,5.42e-09,2380.698085,23.60242546
111,151,1.973027553,3.049490532,0.646073985,2499.866896,14.99919448,2499.866885,2499.866936,0.553663306,0.000248,0.553546902,0.000815,2.171443944,1.330930644,2637.228461,0.0,2499.87184,2499.871729,0.05020806,29.00006311,4538.72763,2.259687529,1.622512064,2.35e-14,2499.866885,106.3752593,6853.607916,17.45173784,0.003191605,0.939771898,44.32969759,72.90055589,2499.995154,134.2653026,0.157473948,2499.871782,2499.845041,2500,0.005079353,2499.627396,62.26226044,41.47526456,0.00014,0.161492746,23.16108526,1.67e-13,2.087790749,4.711593783,0.091970056,500003.4821,1.64e-20,89.33806891,329.7838866,2472.370954,2499.866883,0.145462978,499822.9033,1.08636414,118.29725,0.000163,24.75142197,2499.995154,0.006679688,4.410983063,2.956775734,5.88e-18,20.23058554,5.25e-09,2377.80718,23.98557561
112,152,1.974471433,3.052436159,0.653505753,2499.865619,14.75134171,2499.865608,2499.865659,0.445935711,0.000123,0.529195535,0.000815,2.178491271,1.315871173,2640.202405,0.0,2499.87065,2499.870539,0.030626209,28.99959081,4566.004062,2.267081202,1.624546934,1.16e-14,2499.865608,105.8724256,6798.827416,17.79329655,0.003193964,0.897453548,44.32969994,74.49682325,2499.995067,134.2642479,0.154513258,2499.870592,2499.842588,2500,0.003643981,2499.624828,62.26120576,42.19122758,0.000198,0.170388035,23.53197209,1.62e-13,2.093313318,4.76029992,0.091965338,500005.5566,1.64e-20,90.99888731,329.782832,2471.872403,2499.865606,0.142415544,499819.4052,1.085539846,119.4059924,0.000159,25.25857179,2499.995067,0.006686752,4.597600559,2.991555481,2.07e-18,20.59035101,5.17e-09,2374.963544,24.36236076
113,153,1.975846962,3.055317781,0.660517964,2499.864357,14.50267293,2499.864346,2499.864397,0.36570445,6.05e-05,0.505462238,0.000815,2.185116953,1.299308242,2643.134355,8.12e-08,2499.869475,2499.869363,0.019056583,28.99914112,4592.933881,2.273709419,1.62602293,5.72e-15,2499.864346,105.3136564,6744.961158,18.12996164,0.003196277,0.855696975,44.32970224,76.06879241,2499.994981,134.2632428,0.151510439,2499.869416,2499.840212,2500,0.002590113,2499.622242,62.26020064,42.89599773,0.00032,0.180231023,23.89673321,1.6e-13,2.098676445,4.80894991,0.091960423,500007.5734,1.64e-20,92.65815291,329.7818269,2471.378803,2499.864344,0.140323895,499815.9595,1.084722803,120.4852418,0.000158,25.75668428,2499.994981,0.00669366,4.772766815,3.027395273,7.34e-19,20.94380175,5.08e-09,2372.167201,24.73278033
114,154,1.977157762,3.058084359,0.667706484,2499.863107,14.25473658,2499.863095,2499.863147,0.323001391,2.97e-05,0.4060091,0.000815,2.191406447,1.359958794,2646.02239,4.03e-08,2499.868311,2499.868198,0.012142614,28.99871298,4619.656344,2.279765449,1.626833393,2.81e-15,2499.863095,104.6580317,6691.981307,18.46153552,0.003198533,0.814769633,44.3297045,77.6180759,2499.994896,134.2622849,0.158344583,2499.868251,2499.837905,2500,0.001823812,2499.619633,62.25924277,43.58935725,0.000452,0.190710674,24.25533486,1.57e-13,2.103959244,4.857215365,0.091955634,500009.4341,1.64e-20,94.31944404,329.780869,2470.889302,2499.863094,0.138273996,499812.5622,1.083911127,121.5371996,0.000159,26.24526436,2499.994896,0.006700419,4.936751395,3.054282336,2.6e-19,21.29089808,5e-09,2369.41968,25.09682595
115,155,1.978407409,3.060757286,0.675271898,2499.861866,14.00804937,2499.861855,2499.861907,0.297511368,1.45e-05,0.345091494,0.000815,2.197434286,1.410103455,2648.875515,2.02e-08,2499.867157,2499.867043,0.007964369,28.99830539,4646.131644,2.285420054,1.627083036,1.37e-15,2499.861855,103.8968727,6639.843026,18.78781112,0.003200764,0.774833126,44.32970671,79.14304297,2499.994811,134.2613721,0.15861111,2499.867096,2499.835657,2500,0.001272055,2499.617006,62.25832992,44.27112186,0.000588,0.201515981,24.60776129,1.55e-13,2.109187374,4.904941468,0.09195094,500011.2198,1.64e-20,95.98845174,329.7799561,2470.402548,2499.861854,0.136049141,499809.2162,1.083104574,122.5647409,0.000161,26.72399479,2499.994811,0.006707045,5.089970067,3.082919257,9.61e-20,21.63166511,4.92e-09,2366.711562,25.45450988
116,156,1.979598059,3.063350297,0.683245697,2499.860633,13.76443415,2499.860622,2499.860674,0.27996588,7.08e-06,0.302989016,0.000815,2.203269447,1.451085707,2651.687419,1.02e-08,2499.866009,2499.865894,0.005396369,28.99791738,4672.382044,2.290815366,1.62658892,6.7e-16,2499.860622,103.0446246,6588.500445,19.10866024,0.003202931,0.736069987,44.32970887,80.64378568,2499.994726,134.2605021,0.156898634,2499.865948,2499.83346,2500,0.000879,2499.614354,62.25745997,44.94119712,0.000726,0.212897734,24.95403366,1.53e-13,2.114391569,4.952513666,0.091946721,500012.9406,1.64e-20,97.66773875,329.7790862,2469.918032,2499.86062,0.133682784,499805.9205,1.082300526,123.5702796,0.000162,27.19237373,2499.994726,0.00671354,5.232893035,3.112926046,3.68e-20,21.96609856,4.85e-09,2364.048576,25.80588176
117,157,1.980730499,3.065571244,0.69160302,2499.859404,13.5195736,2499.859393,2499.859445,0.266185729,3.44e-06,0.275113834,0.000815,2.209009538,1.484305999,2654.455338,5.2e-09,2499.864866,2499.864751,0.003903419,28.99754804,4698.418458,2.296081399,1.625360463,3.25e-16,2499.859393,102.1047846,6537.932751,19.42344847,0.00320505,0.698707851,44.32971099,82.12049891,2499.994641,134.2596731,0.154562229,2499.864804,2499.831309,2500,0.000601,2499.611674,62.25663091,45.59961204,0.000726,0.22491229,25.2942324,1.5e-13,2.119649675,5.000377704,0.091942483,500014.6003,1.64e-20,99.35844984,329.7782571,2469.435635,2499.859391,0.131233564,499802.6743,1.081497637,124.5549938,0.000166,27.65018911,2499.994641,0.006719896,5.365960819,3.144069708,1.95e-20,22.29426316,4.78e-09,2361.433054,26.1510324
118,158,1.981811642,3.067739103,0.700308822,2499.858178,13.27994148,2499.858167,2499.858219,0.254305233,1.66e-06,0.251064857,0.000815,2.214744535,1.510912378,2657.177313,2.67e-09,2499.863726,2499.86361,0.002941262,28.99719649,4724.246275,2.301331085,1.623438913,1.57e-16,2499.858167,101.085326,6488.128648,19.73283752,0.003207381,0.662910723,44.32971306,83.57339525,2499.994555,134.258883,0.152071553,2499.863664,2499.829201,2500,0.000407,2499.608965,62.25584082,46.24644588,0.000726,0.237601739,25.62845306,1.48e-13,2.125038901,5.048282653,0.091938344,500016.2013,1.64e-20,101.0609133,329.777467,2468.955568,2499.858166,0.128744674,499799.4767,1.080694882,125.5197416,0.000168,28.09731995,2499.994555,0.006726105,5.489605384,3.176174754,1.32e-20,22.61624421,4.71e-09,2358.866572,26.49006827
119,159,1.982842099,3.069851325,0.709322002,2499.856956,13.04591991,2499.856945,2499.856997,0.243497142,8.01e-07,0.229834655,0.000815,2.220566746,1.532098542,2659.853216,1.38e-09,2499.86259,2499.862473,0.002333945,28.99686189,4749.868765,2.306661389,1.620938453,7.58e-17,2499.856945,99.9865461,6439.084106,20.03693261,0.003209175,0.628813404,44.32971508,85.00274283,2499.99447,134.25813,0.149527483,2499.862527,2499.827137,2500,0.000273,2499.606225,62.25508786,46.88183471,0.000726,0.250883814,25.95681361,1.46e-13,2.130629419,5.096157734,0.091934302,500017.7433,1.64e-20,102.7753788,329.7767141,2468.477936,2499.856943,0.126240076,499796.3271,1.079891908,126.4647858,0.00017,28.5338024,2499.99447,0.006732168,5.604282849,3.209109649,1.32e-20,22.93215457,4.64e-09,2356.348908,26.82311002
